r,e,v,i,e,w
很,快
味,道
足
量
大
没,有
送
水
非,常
快
态,度
好
方,便
快,捷
可,口
快,递
递,给
力
菜
很,棒
餐
很
及,时
今,天
天,师
师,傅
是,不,是
不,是
手
抖
了
微
辣
格,外
也
特,别
辛,苦
啦
谢,谢
超,级
就
送,到
这,么
冷
的
天,气
骑,士
们
谢,谢,你,们
你,们
麻,辣
香
锅
依,然
经,过
过,上
上,次
晚
2
小,时
这,次
2,0
分,钟
…,…
最,后
五,分
五,分,钟
订
卖,家
接,单
每,次
点
都
够,吃
两,次
挺
吃
着
还
可,以
吧
分,量
特,大
而,且
棒
口,感
速,度
速,度,快
相,当
当,好
够
没
说
包,装
有
品,质
不,出
出,家
家,门
能
吃,到
餐,厅
极
送,货
一,直
定
这,家
赞
总
多
五,个
个,人
很,美
美,味
下,次
会
光,顾
也,好
服,务
不,错
半,小,时
不,到
送,来
大,雾
霾
天,外
外,卖
正,宗
大,内
内,容
又,快,又,好
经,常
一,盆
7
个
小
份,量
配,送
人,员
在
这,种
里
感,谢
员
非,常,感,谢
装,好
附,近
最,好
不,开
开,玩,笑
玩,笑
建,议
份
红,薯
超
就,是
太,烂
容,易
易,碎
稍,微
微,咸
这,么,晚
小,哥
工,作
推,荐
速,递
继,续
选,择
太
麻
青
笋
有,点
米,饭
给
不,多
土,豆
土,豆,片
碎
找
太,多
多,次
地,址
填
错
还,是
我
跑
一,趟
表,现
现,出
不
愿,意
样,子
为,了
这,个
写
评,论
煮
牛,肉
肉,质
鲜,嫩
恰,到,好,处
好,处
入,味
挺,好,吃
口,味
干,净
送,货,员
货,员
大,哥
挺,不,错
大,叔
人
百,度
度,外
现,在
连,个
优,惠
那,个
少
真,要
投,奔
饿
么
。,。,。,。
感,觉
店,里
我,们
家
六,楼
没,电
电,梯
得
爬,楼
爬,楼,梯
楼,梯
菜,场
下,雨
下,雨,天
雨,天
真,是
您
你
一,大
大,盒
盒,子
正,点
餐,具
用
鱼
豆,腐
有,异
异,味
味,儿
腻
第,一
第,一,次
一,次
礼,貌
菜,品
再,来
东,西
但,是
锅,底
怎,么
是
1,3
满,意
墨,鱼
鱼,丸
不,太,好
股
臭,味
其,他
油
一,个
平,菇
没,给
辣,椒
放
仔
酸,菜
炖
腔,骨
没,见
啊
只,有
和
酸
合,口
合,口,味
女,友
夸
猪,蹄
过,年
年,期
期,间
不,容
炒,饭
有,点,儿
点,儿
不,过
品,味
饭
实,在
好,评
挺,快
服,务,态,度
迅,速
最,近
够,味
够,味,儿
棒,棒
很,多
尖,椒
豆,腐,皮
差,点
大,海
海,椒
一,点
辣,味
呢
红,烧
红,烧,肉
烧,肉
更
软
完,美
又
负,责
订,餐
准,时
饭,菜
大,冷
冷,天
哦
提,前
送,过,来
过,来
两,个
完
小,炒
肉
真,心
湖,南
坦,白
坦,白,讲
炒
老
鸭,头
实,惠
良,心
物,美
物,美,价,廉
价,廉
～,～,～
空,心
空,心,菜
汤
蛮
太,少
真,快
时,间
准
对
路
不,太,熟,悉
熟,悉
～
迷,恋
金,桔
柠,檬
柠,檬,茶
骑,手
好,感
天,真
刚
下,单
哈,哈
哈,哈,哈
外
哒
习,惯
快,速
不,能
能,比
配,送,费
越,来
越,来,越
贵
！,！,！,！
好,极,了
极,了
好,喝
不,贵
红,红
红,红,火,火
红,火
火
订,购
他,们
1
!,！,！,！,！,！,！,！
饮,料
奶,茶
还,行
。,。
布,丁
贼
热,情
…
漏
。,，,，,，,，
一,如
一,如,既,往
既,往
名,字
跟
一,样
这,样
寒,冷
大,风
等
一,下
下,午
终,于
到
已,经
从
热
变,成
凉
但
仍
敬,业
敬,业,精,神
精,神
风,天
半,下
9
天,天
天,冷
理,解
虽,然
很,久
真,不
真,不,容,易
那,么
麻,烦
喝
好,几
好,几,年
几,年
快,乐
曲,奇
觉,得
不,好
本,人
茶
类
冰
饮
冬,天
~,","
实,在,太
太,好,了
天
！,","
大,满,贯
满,贯
超,大
大,杯
忙
忘
半
糖
希,望
别
值,得
表,扬
亲
十,万
十,万,个
万,个
之,一
全
分,好
好,好
他,家
味
便,宜
神,速
岩,盐
芝,士
绿,茶
每
单
必
每,周
买
开,心
元,旦
元,旦,节
晚,上
真,的
让
感,动
小,子
.
蛋,糕
珍,珠
盐
岩
加
支,持
！,！,！
经,典
大,家
爱,喝
养,乐,多
再
帅
最
多,分
多,分,钟
靠
谱
嘿,嘿
把
沙
真,不,错
认,真
比,美
团
吗
好,多
以,后
这
情,况
下
对,不,住
不,住
芋
圆
小,丸,子
丸,子
甜
没,什,么
什,么
慢
些
|
注,意
身,体
忘,记
拿
吸,管
⋯,⋯
派,送
。,","
出
款
浓
情
可,可
与
区,别
总,体
哟
雾
天,百
公,司
一,定
定,要
发,给
口,罩
太,不,容,易
两,种
我,家
热,饮
中
杯
不,够
隔,三,差,五
五,儿
两,杯
嗯
责,任
必,须
还,好
每,天
天,都
昨,天
牛
x
！,！,！,！,！
菠,萝
冻,过
冰,冻
几,乎
简,直
努,力
態
度
封,口
不,会
撒
出,来
一,周
四,次
最,爱
榨
绿
上,班
可,好
可,好,了
客,气
因,为
食,物
破,损
两,趟
谢
一,杯
提,神
提,神,醒,脑
醒,脑
明,天
会,点
。,！,！
白
走
换,口
换,口,味
尝,尝
、
不,知
知,道
进,步
红,豆
更,好
今,晚
作,死
死,点
无
友,情
提,示
减,肥
朋,友
哥,特
。,。,。,。,。
谁
控
几,天
今,儿
几,杯
她,们
赞,不,绝,口
不,绝
绝,口
陈
比
上,面
提,醒
早
连,着
全,都
三,次
大,雪
雪,天
雨
看
他
湿
特,好
真
暖
心
苦,辛
烤
直,美
～,","
尤,其
力,度
大,些
滑
成
悲,剧
预,计
计,时
十,分
十,分,钟
小,伙
小,伙,儿
可,惜
更,改
型
所,有
订,单
不,齐
齐,全
说,话
。,。,。,。,。,。
飞,过
飞,过,来
大,姐
五,星
烫
！,…,…,…,…
送,送
小,礼
礼,品
意,外
惊,喜
饮,品
热,心
帮,忙
找,零
零,钱
吸,吸
冻
。,。,。
时,候
热,乎
热,乎,乎
！,！
3,2
，,，,，
准,时,到,达
到,达
钥,匙
耐,心
安,慰
说,不,着
不,着
着,急
特,别,感,谢
唯,一
不,足
莫,名
失,败
～,～
",",，
不,惯
长,得,帅
时
打,电,话
电,话
捎
有,效
有,效,率
效,率
好,开,心
优,惠,活,动
活,动
杯,子
坏
没,出
赶,上
最,大
地,方
饶
大,半
大,半,个
半,个
圈
❀,⚘
༵
来
道
༵,⚘,❀
弹,珠
珍,珠,奶,茶
购,买
更,多
新
呦
吓,死
宝,宝
灰
常
逗
足,不,出,户
户
享,受
清,凉
叫
几,次
女,儿
可,有
有,点,咸
比,较
滴
上
会,来
少,年
可,爱
—
v
温,馨
记,得
带,够
很,浓
换
灵,活
店,家
去
呀
爽
爱
不,用
用,去
外,面
多,年
家,里
喝,到
本,次
愉,快
女,生
生,来
来,说
哪
正,好
很,少
要
两,碗
适,合
老,人
辣,子
辣,子,鸡
子,鸡
越,来,越,少
越,少
。,",",！,！,！,！,！
江,山
山,城
烤,鸭
高
哈
可,是
为,啥
幸,好
两,双
双,百
做
真,好
有,求
有,求,必,应
必,应
到,手
烫,烫
日,子
要,求
很,爽
爽,快
满,足
三,个
拿,来
六
很,大
千,叶
包,菜
咸
鱼,香,肉,丝
香,肉
肉,丝
咸,淡
刚,刚
刚,好
卫,生
没,想
没,想,到
想,到
几,颗
山,楂
保,持
高,效
讲,究
私,房
问,题
餐,盒
必,要
在,家
很,多,年
一,级
以,前
第,二
第,二,次
二,次
嫩
拔,丝
山,药
还,给
配
一,袋
呵,呵
贴,心
店
炒,菜
全,家
四,个
宫,保
宫,保,鸡
鸡,丁
酱
茄,子
酸,辣
土,豆,丝
豆,丝
面
几,个
碗
作,为
效,果
知,足
毛,血,旺
正,合
正,合,适
合,适
料
眉
州
性,价,比
荷,兰
荷,兰,豆
甜,甜
甜,甜,的
后,继
真,棒
尽,责
续,保
有,些
没,了
请
提,高
洒
哥,们
，,，
z,z
需,求
鞋
接,受
受,不,了
不,了
鸡
排,骨
放,点
d,a
别,的
帮
女,朋,友
鸡,汤
死
无,法
入
囗
一,塌,糊,涂
糊,涂
一,盒
只
三,盒
四,盒
排,骨,饭
拌
吃,不,下
不,下
一,份
只,不,过
里,面
骨,头
还,要
要,说
十,个
字
！,？
拥,有
黄
焖
一,家
卡
送,给
吉,野
吉,野,家
价,格
价,格,便,宜
谢,谢,您
一,般
质,量
硬
!,!,!,!,!
川
不,合
坐
火,箭
常,速
负,责,人
责,人
看,着
饭,量
飞,速
送,达
确,实
比,吉
服,务,周,到
周,到
应,该
该,是
有,所
升,级
好,像
酥
不,正
士,人
细,心
淡
盒
榨,菜
干
多,一,些
一,些
汤,汁
速,溶
咖,啡
如,果
满
减
干,嘛
非,要
1,0
以,上
的,哥
哥,哥
软,硬
那
少,见
一,流
香,干
回,锅
回,锅,肉
萝,卜
萝,卜,干
每,份
份,饭
几,分
几,分,钟
很,细
大,都
吃,不,完
套,餐
特,价
划,算
重,要
事,情
三,遍
买,价
~,~
再,好
c,o,f,f,e,e
大,大
大,大,的
产,品
产,品,质,量
家,小
小,店
噢
后,会
只,是
双,拼
参,合
不,大
不,大,好
大,好
认,真,负,责
吃,起
起,来
入,口
王
昭
晖
还,够
偏
离
近
郭
速
冲
价,钱
捡,了,个
搞,活
好,看
看,见
对,于
食,量
妹
纸
俩
…,。
沙,拉
什,锦
蘑,菇
棒,呆
：,）
鸡,蛋
煎,成
花
形,状
可,能
不,要
要,同
同,时
时,点
肥,牛
排
一,起
精,致
午,餐
不,慢
无,意
意,中
看,到
超,高
白,度
够,快
品
O,K
蔬,菜
菜,色
色,拉
新,鲜
配,菜
颜,色
口,口
口,香
优
谷
打,广,告
广,告
足,足
想
当
楼,下
正,式
军,姿
等,待
取
双,手
端
祝
用,餐
一,双
墨,镜
透
帅,气
汁
值
空,运
超,酷
热,腾,腾
腾,腾
好,事
=,",",=,！
发
联,系
马,上
补
^
_
飞
般,的
体,贴
过
多,多
多,多,关,照
关,照
道,菜
大,过,年
湘,菜
刀,功
细
需
较
长
快,快
味,十,足
十,足
米
下,饭
连
袋,子
端,的
一,手
功,能
太,大
大,小
太,小
白,菜
太,油
青,菜
猪,手
可,说
大,肠
冒
寒,冬
比,不,上
当,地
北,京
算
老,板
湖,南,人
南,人
菜,油
肥,肠
全,部
擂
椒
荷,包
荷,包,蛋
不,得
不,得,了
懒,得
得,出
出,门
老,公
炝
南,大
大,白
大,白,菜
省
1,5
元
扫,光
光,光
喽
基,本
隔
一,天
送,菜
佳
紫,苏
黄,瓜
烧
皮,蛋
醋
发,酸
莴,笋
烟
绿,色
那,种
黑,色
请,问
哪,个
菜,名
砂,锅
湖,南,菜
腊
风
评,价
本,来
4,5
2,5
预,定
定,时
襄,阳
肉,末
酸,豆
酸,豆,角
豆,角
卤,蛋
过,瘾
热,干,面
干,面
鹌,鹑
调,料
怪
其,它
特,快
正
严,寒
寒,天
哥
秒
温,暖
聪,明
一,万
一,万,个
，,，,，,，,，
家,乡
乡,味
常,来
牛,杂
略
吃,掉
怕
大,厅
厅,里
牛,肉,面
面,对
都,还,不
新,年
第,一,天
豆
皮
贵,点
另,收
收,钱
1,0,0
湖,北
北,人
口
巨
面,条
花,生
花,生,米
生,米
菠,菜
点,菜
美
果,断
汤,面
个,别
地,道
重
听,闻
亲,自
品,尝
发,票
不,加
葱,花
结,果
两,份
冒,雪
预,期
再,快
快,点
烂
！,(
在,手
手,机
A,P,P
清
至
口,香,糖
为,什,么
鸡,腿
台
便
小,吃
到,位
单,位
房,间
极,快
一,旦
有,别
别,无,所,求
无,所
所,求
海,带
海,带,丝
果,冻
自
推,广
每,家
每,家,店
碱,面
想,念
",",！
分,开
装
用,心
…,…,…,…,…,…
不,特
米,酒
好,久
面,有
只,用
坨
收
打,包
钱
却
塑,料
塑,料,袋
袋,装
在,线
支,付
好,多,钱
无,所,谓
所,谓
5
可,上
上,火
赠,送
粥
被
泡
不,小
小,心
送,错
还,有
唉
行,程
较,早
竟,然
t,u,o
行,踪
筷,子
选,错
'
以,为
下,面
没,看
偷,吃
所,以
星
商,家
勿,要
再,犯
类,似
似,的
低,级
错,误
粉
儿
想,象
只,能
拌,面
正,常
杂,面
差,别
妈
两,天
搞
毛,线
8
抓
！,？,？,？,？,？,？,？
闲
老,家
有,时
大,热,天
热,天
干,好
一,块
朴,实
估,计
计,好
手,法
生,疏
酒,酿
小,汤
汤,圆
蛋,花
有,人
天,儿
保,证
温,度
配,餐
小,哥,儿
哥,儿
肯,德
肯,德,基
薯,条
加,油
鸡,肉
卷
按
三,口
土,豆,泥
？,！
猪,肉
堡
流
除,此
除,此,以,外
以,外
还,算
不,点
体,验
阿
邦
半,年
咯
不,急
原,味
不,及
松,软
炸
太,狠
顶
鸡,翅
略,微
服,务,到,位
乐
开,发
开,发,票
一
之,内
冒,雨
雨,前
前,来
尝
尝,新
新,款
凑,合
圣,代
勺,子
订,过
吮
指
腌
歺
中,规,中,矩
飞,快
炸,鸡
点,火
火,大
番,茄
番,茄,酱
纸,巾
员,工
k,f,c
当,然
客,服
京
酱,肉
做,出
预,想
个,人,感,觉
肥
宇,宙
饼
内,容,丰,富
丰,富
超,值
一,股
香,菇
久,久
萦,绕
散,去
南,瓜
肉,食
盛,宴
左,右
不,想
想,出
一,向
试,试
失,望
下,回
再,定
稍,稍
准,确
一,百
一,百,个
百,个
小,点
说,好
青,椒
经,济
洋,葱
熟
肘,子
子,卷
吐
肥,肉
肚
酱,料
调,和
备,注
a,p,p
盖,饭
诚,意
压
瓷,实
油,腻
几,口
不,行
非,常,高,兴
凉,拌
木,耳
",",。,！,！
有,益
",",。
头,发
剩,下
黑,胡,椒
胡,椒
加,多
霸,气
较,远
厚
大,号
丝,都
瘦,肉
下,雪
注,意,安,全
安,全
稍
下,雪,天
心,路
八,宝
八,宝,菜
(,>,﹏,<,)
大,肉
煎,饼
不,算
还,以
一,碗
复,杂
难,过
压,力
包,装,袋
装,袋
尝,试
说,实,话
实,话
太,慢
有,待
方,面
没,关
没,关,系
关,系
叔,叔
锡,纸
纸,包
纸,包,装
同,事
韩,国
快,餐
快,餐,店
紫,菜
包,饭
筋,斗
夹
盒,饭
中,号
抱,歉
确,认
完,整
清,淡
香,香
喝,完
辣,白,菜
改,善
改,改
酱,香
鸡,腿,肉
腿,肉
吃,饱
男,生
就,要
手,套
牛,皮
牛,皮,纸
皮,纸
裹
健,康
精,美
多,味
吃,出
钢,丝
球
丝
可
选
自,信
地
瘦,肉,粥
特,多
连,续
纯
素
果,汁
已
~,~,~,~
稠
锡,箔
锡,箔,纸
进
肚,子
呜,呜
烤,熟
务,必
涨,工,资
工,资
奇,怪
(,:
3
」,∠,)
家,常
叶
良
晨
网,络
幼,稚
儿,童
一,枚
帮,同
稍,慢
薄
诶
一,根
一,开
开,始
售,后
不,管
好,不,好
起,码
加,热
关,注
一,个,月
人,大
三,义
庙
4,0
中,午
道,歉
状,况
一,次,性
拼,图
原,因
很,慢
点,点
送,上,来
上,来
没,多,久
多,久
历,时
收,到
言
之
后,悔
门,店
二,十
。,！,！,！,！
将
差,一,点
饿,肚
饿,肚,子
点,过
小,小
吃,不,饱
撑,死
一,小
不,如
中,小
太,帅
嘛
较,慢
一,个,半
但,有
优,惠,价
优,惠,价,格
养,成
距,离
远
魚
香,油
點
收,拾
太,长
能,用
俩,手
粘
牙
-
特,准
公,里
来,回
依,旧
组,合
格,非
环,保
面,皮
韧,性
重,新
再,也
不,定
美,女
女,老,板
→
大,写
写,成
不,好,意,思
好,意
好,意,思
意,思
先,尝
续,加
刚,才
查,收
误,解
对,不,起
追,加
加,好
算,是
大,店
加,速
这,里
为
失,误
明,明
明,说
熏,肉
餐,巾
餐,巾,纸
豆,芽
才
炖,烂
嚼
劲,儿
你,家
袋
帮,别,人
别,人
还,用
速,度,慢
拿,出
出,去
得,有
试,试,看
试,看
白,粥
工,作,餐
淡,淡
淡,淡,的

再,接,再,厉
",",,",",
提,升
强,大
男,同,学
同,学
光
，,(,⊙
o
⊙,),…
下,着
下,着,雨
~,~,~
没,传
传,说
是,因,为
猪
肘
缘,故
反,正
处,理
部,分
分,去
下,楼
1,2
1,1
1,7
千,万
坑
那,样
惊,呆
付
十,五
十,五,分
十,五,分,钟
营,养
没,法
一,会
舒,服
一,个,多
当,初
抱
人,口
太,棒
太,棒,了
再,多
多,一,点
采,纳
有,心
心,意
包,着
好,比
嘉
一,品
传
照,片
坚,持
是,非
很,酷
高,级
价,外
❤,️
弄
额
太,重
要,是
再,加
加,点
葱
提,提
？,，
的,话
一,般,般
般,般
拿,到
纸,袋
打,开
开,包
发,现
倒
…,…,","
加,快
高,峰
高,峰,期
块,钱
文,艺
范
比,较,慢
不,至,于
至,于
很,小
占
水,准
第,三
第,三,次
块
木
像,是
达,达
能,感
在,乎
客,户
意,见
陷
早,早
早,就
认,路
久
和,服
二,十,分
二,十,分,钟
难,喝
腥
自,己
勉,强
饱
要,么
四,十
四,十,分,钟
若
漂,亮
直,接
接,送
办,公
办,公,室
公,室
整,体
盖
领,导
非,常,适,合
加,班
略,带
有,喜
喜,感
满,满
满,满,的
除,了
如,上
稀
肉,片
筋,道
酱,汁
蛋
疼
不,少
很,硬
就,是,说
完,满
能,量
停,不,下
停,不,下,来
下,来
少,点
够,重
精,细
大,火
夹,生
半,份
小,菜
很,饱
真,实
皮,儿
打
次
问
无,语
挣,钱
满,分
皮,厚
实,体
实,体,店
多,长
多,长,时,间
长,时,间
差
撑
首,选
威,武
再,配
严,实
胃,口
较,大
各,种
就,行,了
！,！,！,！,！,！,！
真,够
乌,龙
事,件
积,极
解,决
光,临
未,来
午,饭
交,给
同
五,道
五,道,口
道,口
去,年
越,慢
店,铺
中,分
厚,点
男,朋,友
找,到
地,儿
了,了
高,大
嘴,唇
裂
早,点
偏,北
北,方
果,蔬
赶,时,间
太,晚
1,2,0
从,来
从,来,没
餐,饮
高,下
道,特
一,楼
送,上,门
上,门
之,前
顺,便
提
改,成
2,0,c,m
见,方
配,上
上,青
而
三,种
等,到
饿,死
活,过
活,过,来
师,父
那,句,话
较,硬
吃,不,出
吃,不,出,来
拍,照
一,盘
继,往
真,真
手,里
心,里
歉,意
大,老,远
老,远
爆
赛
晓
明
霆
锋
上,好
周,末
值,班
达
较,快
麦
有,味
传,递
天,使
下,巴
掉
发,硬
年,轻
年,轻,人
青,春
集,中
底,部
更,佳
第,一,个
太,差
不,在
领,取
对,方
居,然
态,度,恶,劣
恶,劣
挂
大,卷
不,吃
吃,香
疯
充,足
普,通
后
包,裹
可,乐
评
慢,点
醉
工,作,人,员
作,人
n,i,c,e
宇,宙,速,度
巨,好
太,饱
臭,臭
难,道
怪,味
⊙,▽,⊙
鲜,美
大,点
或,者
之,后
没,放
头
晕
第,二,天
二,天
拉,肚,子
亟,待
消,费
出,乎
出,乎,意,料
意,料
⊙,▽,⊙,，
←
的,确
确,有
像
向
闻,起
闻,起,来
外,包
外,包,装
嘴
喇
破
流,血
不,敢
笑
发,誓
拜,拜
…,[
很,漂,亮
穿,着
雨,衣
淋,湿
怨,言
女
汉,子
图,片
供,参,考
参,考
美,味,可,口
嘎,嘎
甜,点
电,梯,间
根,本
信,号
发,送
短,信
短,信,通
信,通
通,知
西,红,柿
炒,鸡,蛋
受,到
受,到,好,评
一,片
哭
用,料
需,要
骑
毛,驴
神
再,有
菜,叶
真,让,人
老,人,家
人,家
相,互
相,互,理,解
多,点
太,贵
品,牌
无,敌
吹,风
碰,上
甜,酱
辣,酱
低,价
改,天
开
包,装,用
不,怎,么
由,于
如,何
同,样
人,们
致,敬
高,度
高,度,评,价
搭
多,些
注,有
有,加
不,满
停,机
迟
托
带,上
带,上,来
急,急
急,急,忙,忙
急,忙
急,忙,忙
忙,忙
嗒
挺,棒
豆,子
香,味
切,成
成,片
表,示
微,波
微,波,炉
很,严
严,密
吊
听,说
下,班
班,点
1,5,0
哎
不,敢,恭,维
恭,维
周,日
刚,订
订,上
包,装,盒
装,盒
方
上,楼
包,住
创,意
妈,妈
担,心
到,来
疲,倦
各,行
各,行,各,业
各,业
国,家
何,时
何,时,能
共,同
共,同,富,裕
富,裕
至,少
等,级
级,差
差,距
悬,殊
好,吃,懒,做
贪,污
贪,污,受,贿
受,贿
穷,凶
穷,凶,恶,极
凶,恶
恶,极
位,居
高,位
人,民
人,民,代,表
代,表
底,层
社,会
真,相
毫,不
不,知,情
知,情
送,饭
令,人
专,门
打,去
改
纪,录
汗
中,午,饭
更,何,况
何,况
没,下
郁,闷
慢,点,儿
峰
从,简
恶,心
快,死,了
要,死
来,时
加,大
大,量
犹,豫
侥,幸
赌,运
运,气
成,分
分,在
试
不,许
尼,玛
汁,水
大,约
*
胃
各,方
四,块
期,待
肯,定
香,甜
甜,味
玩
情,有,可,原
特,来
纸,卷
家,帮
袖,珍
外,婆
外,婆,家
婆,家
发,货
最,起,码
几,块
几,块,钱
标,价
明,显
肯
结,论
有,种
肉,夹,馍
哼,哼
哼,哼,哈,哈
停
学,校
校,门
门,外
催
北,医
铝,箔
成,本
成,本,高
够,慢
总,觉
太,太
单,根
没,用
不,通
楼,上
绝,对
有,机
机,会
变,小
3,0
生
文,质
文,质,彬,彬
彬,彬
拯,救
赌,气
吃,饭
忍,不,住
一,口
整,个
活
加,强
多,少
带
菜,汤
这,些
虚
差,点,儿
缺,点
远,点
5,5
家,常,饭
原,来
咸,菜
N,e,x,t,D,a,y
推
：,“
浮,生
浮,生,若,梦
恋,恋
风,尘
人,生
总,是
一,日
难
”,","
端,午
纠,结
论,说
一,个,纸
做,好
当,晚
晚,饭
宝
可,口,可,乐
没,味
配,备
不,锈
不,锈,钢
不,锈,钢,丝
劲
重,点
哈,哈,哈,哈
手,动
1,0,0,0,0,0,0,0,0,0,0,0,0,0
喔
然,而
并
在,外
赶,回
赶,回,来
回,来
朋,友,圈
上,百
胖
综,合
合,起
辣,椒,酱
试,一,下
4
啊,啊,啊
这,人
想,着
瘦
每,种
用,来
加,餐
极,好
荤
比,例
一,滴
滴,油
之,外
汇,源
怎
苦,汁
小,块
#
常,客
预,约
四,十,多
四,十,多,分
四,十,多,分,钟
十,多
十,多,分
十,多,分,钟
总,的,来,说
首,次
新,颖
过,量
切
大,饼
不,是,太,好
烙,饼
偏,重
上,送
地,形
不,熟
泡,菜
补,发
略,有
发,挥
发,挥,出,来
琢,磨
蒜,泥
宝,贝
第,四
第,四,天
四,天
过,程
茬
π
洋,气
仔,细
8,0
果,真
六,块
第,一,家
按,照
小,腿
肌,肉
发,达
一,元
上,高
高,端
味,道,鲜,美
没,经
经,验
搭,配
两
男,人
口,味,重
见,到
店,面
逼
名,称
清,楚
不,然
加,上
原,价
~,~,！,！
菜,牛
叶,子
土,豆,条
筋
价,比,高
比,高
找,不,着
着,地
代,金
代,金,券
论
方,向
方,向,感
5,0
门,口
不,稳
稳,定
十,一
十,一,点
十,一,点,多
一,点,多
十,二
十,二,点
二,点
十,点
艾
玛
较,晚
保,温
等,得
太,久
瓶
分
潜,力
潜,力,股
懂
夏,天
天,正
果,然
更,快
～,～,～,～,～
不,合,理
合,理
咽,下
咽,下,去
下,去
赶,紧
B
格
价,格,合,理
种,类
沟,通
四,秒
四,秒,钟
秒,钟
立,马
太,俗
微,微
挺,好,玩
好,玩
短
。,。,。,。,。,。,","
立
令,人,吃,惊
吃,惊
响
中,型
巨,大
～,！
铝
E,M,S
假
。,。,。,，
到,处
剥
问,问
平,时
一,半
正,餐
肉,皮
按,时
正,规
家,外
甜,面,酱
面,酱
门,门
里,边
标,记
飘,香
比,到
裤,子
T,A,T
这,份
一,点,儿
不,快
肉,丁
？,？
趴
个,个
咬
不,动
有,时,候
卖,光
正,在
上,课
取,到
下,课
下,课,后
课,后
事
一,百,分
百,分
九,点
加,送
主,食
两,口
馒,头
牙,口
很,早
很,早,以,前
早,以
不,得,不
人,眼
眼,前
眼,前,一,亮
一,亮
顿,时
档,次
摊
卖
被,骗
啥
，,。
v,e,r,y
g,o,o,d
附,送
挑,出
挑,出,来
相,比
第
美,好
沉,醉
迈,着
碎,步
步,态
一,阵
一,阵,风
阵,风
一,脸
一,个,劲
我,心
融,化
h,i,g,h
纸,带
上,市
小,建
一,切
太,美
卖,点
起
直,道
进,来
桌,子
放,下
离,开
物,有,所
物,有,所,值
看,起
看,起,来
越,来,越,快
越,快
切,碎
夹,点
品,种
不,值
二,十,元
十,元
价
极,其
接,电
接,电,话
王,老,吉
貌,似
会,长
长,胖
稍,晚
没,得
没,得,说
券
算,了
糊,味
就,算
算,下
餐,馆
直,线
中,间
无,障,碍
障,碍
障,碍,物
纸,袋,子
不,靠
辛,勤
者
丝,质
协,商
自,取
相,对
相,对,而,言
而,言
漏,出
漏,出,来
不,一
价,位
提,点
上,点
腌,菜
标,出
标,出,来
关,键
凉,凉
凉,凉,的
一,点,点
3,8
妹,子
!,!,!
包,起
很,粗
粗,壮
一,只
留
别,记
记,忆
一,种
柴
兩
個
時
過
錯
包
裝
來
貼
餅
糊,弄
太,薄
《
嘻,嘻
差,错
卷,儿
，,，,，,，
美,的
鸡,皮
去,掉
舍,不,得
拆,开
幸
苦
沙,尘
沙,尘,暴
尘,暴
不,折
折,腾
遗,憾
另,外
晚,点
几,回
考,虑
必,将
",",","
，,","
n
接,到
家,电
才,能
本
由
并,提
提,供
供,售
售,后,服,务
足,够
慎
之,类
推,推
呲
洋,葱,味
多,一,点,儿
有,史,以,来
以,来
决,定
耶
机,上
特,意
下,放
放,心
强,烈
强,烈,要,求
加,薪
常,新
看,得
看,得,出
看,得,出,来
漏,油
力,荐
没,开
特
卧,槽
放,糖
吃,得,饱
强,烈,建,议
添,加
凉,菜
再,次
第,一,口
越
蒜
太,过,分
过,分
！,！,！,~,~,~
不,准
准,备
成,大
o,k
饭,盒
主,要
极,力
极,力,推,荐
力,推
欢,送
小,美,女
色,香
色,香,味
俱,全
相,当,于
当,于
粮,食
绿,叶
符,合
名,号
摄,入
真,正
补,上
上,心
单,点
减,去
家,住
六,层
爬,上,来
家,门,口
扎,实
较,厚
冲,淡
不,错,呀
大,气
吃,法
尴,尬
有,期
油,腻,感
措,施
四,川
川,口
不,减
毕,竟
！,！,","
萌
怪,怪
怪,怪,的
两,边
裂,开
最,快
害,得
整,洁
免
运,费
（
低,于
）
挽,救
饿,坏
货
价,值
完,全
驴,肉
肉,火,烧
火,烧
尝,一,尝
一,尝
和,平
时,差
差,不,多
招,牌
~,\,(,≧,▽,≦,),/,~
~,!,","
馅,料
拉,里
一,颗
虫
进,去
…,","
洗,菜
影,响
美,观
香,脆
披,萨
慢,些
卖,东,西
新,奥,尔,良
奥,尔,良
翅
榴,莲
菠,萝,派
薯
p,i,z,z,a
蓉
过,火
温,温
温,温,的
杏,鲍,菇
肠
挚,爱
爱,马
马,铃
马,铃,薯
支,付,宝
省,事
密
香,肠
换,换
批
萨
经,历
特,色
鱿,鱼
金,枪
金,枪,鱼
着,重
不,但
恍,恍,惚,惚
恍,惚
惚
何,厚,铧
棒,极,了
说,错
培,根
美,式
鲜,榨
鲜
个,头
級
還
這
賣
萨,非
必,胜
必,胜,客
专,业
焗
深,得,我,心
些,小
大,中
小,腿,肉
！,～
热,气
热,气,腾,腾
冰,花
脆
饺,子
已,是
老,客
老,客,户
出,台
里,人
图
豆,豉
鲮,鱼
鱼,油
油,麦
每,个
格,子
黏,在
还,都,不
一,句
祝,您
越,好
(,^
^,)
饺,子,馅
避,免
饺
常,有
结,账
变
后,来
馅
回,家
回,家,路,上
路,上
咋
急,要
虾,仁
体,味
蒜,苗
炸,丸,子
三,鲜
分,给
本,身
一,丝
一,丝,一,毫
一,毫
埋,怨
饺,子,皮
锅,包,肉
白,肉
酸,辣,粉
四
饭,馆
离,家
一,站
冬,至
吃,饺,子
赔,付
逾,时
费
评,语
排,列
榜
第,二,名
二,名
恭,喜
家,人
过,生,日
生,日
美,食
诚,信
经,营
理,念
住
多,天
从,没
超,过
接,着
菜,单
诚,实
守,信
仔,鸡
扫
天,头
遇,到
详,细
几,环
标,志
标,志,性
建,筑
信,息
忍,无,可,忍
无,可
忍
回,应
哪,里
倒,胃
倒,胃,口
小,黄,鱼
黄,鱼
贴,饼,子
饼,子
炸,窝
窝,头
黑
玩,意
糊,弄,人
帖
三,分
三,分,之,二
之,二
进,门
一,会,儿
会,儿
功,夫
酒
风,味
上,到
累,得
动
羊,肉
煮,肉
标,明
肉,馅
调,味
舒
丰,满
真,是,太
没,吃,过
胡,萝,卜
想,要
宫,爆,鸡,丁
煸
热,呼
热,呼,呼
呼,呼
芹,菜
定,会
稻,香
稻,香,村
点,心
自,然
不,必
\,(,≧,▽,≦,),/,！
小,点,心
早,饭
张
守,时
食,品
两,三
两,三,个
南,瓜,饼
两,样
告,知
缘,由
常,理
表,示,感,谢
枣,花
糕,点
前,半
懒
馋
人,士
多,谢
吕
这,位
。,！,！,！
不,愧
不,枉
枉,费
美,中
美,中,不,足
千,层
迫,不,及,待
待
送,还
到,底
紫
甜,度
适,中
佛
瓶,身
身,上
贴
书,籍
护,封
有,趣
，,“
博,大
包,含
美,丽
”
安,娜
细,腻
配,起
配,起,来
汁,儿
喝,过
坚,持,下,去
改,进
。,。,。,。,",",。
酸,辣,汤
快,又,准
放,进
放,进,去
鸡,块
扬,州
盐,味
…,…,…,…
信,赖
花,卷
羊,杂
幸,亏
中,盘
绰,绰,有,余
有,余
五,星,级
星,级
手,工
小,时,候
不,同
环,境
友,好
孜,然
斗
增,加
粗,粮
凑
辣,椒,油
笑,容
风,驰
风,驰,电,掣
非,得
操,蛋
～,～,～,～
炸,酱
炸,酱,面
青,城
先,生
两,顿
烧,卖
位,非
认,准
堂
食
今,天,天,气
如,今
娃
来,不,及
做,饭
饭,时
老,店
如,此
果,肉
酱,油
面,善
饭,食
食,用
祝,福
油,炒
约
敲
一,分
尺,寸
一,发
细,致
站,点
一,张
方,便,快,捷
比,照
最,重
趴,在
妥
病,人
儿,子
脚
崴
翻
亚,运
亚,运,村
村,店
烤,制
尽,职
教,父
醬
Q,A,Q
送,花
西,非
保,暖
不,用,说
定,位
超,出
范,围
问,路
导,致
比,萨
让,给
辣,油
瓶,子
凑,够
夏
豪,杰
写,错
抱,怨
微,笑
微,笑,服,务
手,指
牛,排
边
孩,子
草,莓
甜,饼
奶,酪
小,弟
熔,化
某,个
售,完
接,取
取,消
表
改,大
闻,名
已,久
走,点
叮,嘱
事,项
顾,客
！,！,！,！,？,？
相,同
别,家
个,儿
略,长
底
为,何
何,不
小,牛
小,牛,肉
外,出
出,没
寒,风
放,在
随,身
保,温,箱
♥,️
生,病
躺
床,上
七,岁
开,门
別
关,好
门
要,点
大,打,折,扣
打,折
打,折,扣
折,扣
馅,饼
解,释
退,钱
三,十
三,十,二
三,十,二,个
十,二,个
二,个
想,买
带,回
带,回,家
系,统
默,认
想,想
要,来
恐,惧
作,罢
系,统,升,级
使
可,选
也,许
醋,溜
须
成,功
总,之
烤,焦
原,材
原,材,料
材,料
招,牌,菜
羊,肉,串
串
脆,皮
日,本
满,满,当,当
满,当,当
田
大,虾
周,一
片
材
滚,烫
过,节
煮,汤
这,回
在,意
留,言
然,后
顺,手
垃,圾
其,实
2,0,1,6
年
身,体,健,康
体,健
顺,利
原,汁
原,汁,原,味
分,离
不,止
不,止,一,次
双
…,…,…
牛,蛙
红,萝,卜
美,美
没,话,说
小,伙,子
伙,子
撕
榄
四,季
四,季,豆
和,善
礼,物
跟,上
满,满,地
满,地
焦
香,辣
！,^
N
虾
家,里,人
清,单
里,来
两,回
没,头
回
合
粉,丝
太,细
跑,跑
藕,片
花,菜
吃,货
(,づ,｡,◕,‿,‿,◕,｡,),づ
有,货
搬
两,箱
完,美,无,瑕
无,瑕
便,捷
从,此
此,外
孙,师,傅
小,龙
小,龙,虾
龙,虾
削
昨,晚
晚,十,点
直,感
买,回
买,回,来
陀
另
小,兄,弟
兄,弟
年,前
前,天
炒,面
生,意
生,意,兴,隆
意,兴
兴,隆
缺,少
卷,子
牛,腩
小,河
河,虾
匀
要,不,然
沾
超,乎
排,骨,面
小,白,菜
偏,大
灌,肠
卤
温
热,饭
拉,面
亲,切
人,味
剩
劲,道
土,豆,粉
豆,粉
⋯,⋯,⋯,⋯
排,队
不,放
香,菜
过,敏
死,掉
食,欲
宿,舍
耽,误
烧,烤
哼
呵,呵,哈
∠,(,",",ᐛ,",",」,∠,),＿
姐,姐
她
购,物
逢,年,过,节
村,外
日,后
越,多
样,样
炮
江,米
条
车
三,样
老,字,号
字,号
怏
！,！,~,~,~,~
属
爸,妈
回,天
天,津
小,肚
今,后
门,牌
门,牌,号
门,牌,号,码
牌,号
号,码
没,写
不,便
十,几
十,几,分
十,几,分,钟
小,雨
哎,哟
未,及
付,款
办,法
帅,哥
礼,盒
月
1,6
号
生,产
生,产,日,期
日,期
看,来
屯
月,前
前,生
货,人
弄,错
半,天
买,来
来,作
早,餐
两,本
两,本,书
本,书
完,好
牛,舌
牛,舌,饼
换,零,钱
诚,恳
香,蕉
蕉,布
熱
師
傅
选,品
没,来
来,得
来,得,及
一,块,钱
5,9
0,5
买,方
西,特
规,整
少,些
咋,样
时,会
变,软
麻,辣,烫
~,~,~,~,~
油,条
豆,浆
不,觉
气,冷
叫,外,卖
特,地
切,开
黄,家
薄,脆
肉,松
:,),:,)
豆,腐,脑
久,闻
久,闻,大,名
大,名
温,柔
吃,豆,腐
美,极,了
作,态
做,得,好
路,边
路,边,摊
皇,太,极
太,极
每,一,款
一,款
过,油
越,小,越
偶,尔
惊,艳
摔
瞬,间
卖,好
2,9
减,价
狗
柳
沙,拉,酱
感,冒
烙
摊,出
摊,出,来
面,饼
黏
黏,糊
黏,糊,糊
糊,糊
要,用
雨,夹,雪
夜,晚
屋,里
晚,餐
一,件
事,儿
扁,豆
网,页
留,下
即,时
它
黑,暗
料,理
！,！,❤,❤,❤
羹
满,口
口,袋
惨,不,忍,睹
不,忍
睹
普,洱
订,到
橙,汁
洒,出
凉,面
回,购
后,面
老,想
及,第
巨,无,霸
脆,饼
全,部,都,是
两,片
喷,火
伤,人
人,心
五,十
之,间
还,怕
加,选
选,项
刷
油,炸
期,望
期,望,值
当,时
团,购
丝,素
素,材
改,良
一,致
浓,郁
实,是
大,众
水,平
不,适
塌
家,鸡
唔
皇,家
哇
不,应
伤,心
！,…
包,括
碗,豆
大,雨
温,热
水,果
果,盒
¥
2,8
葡,萄
粒,粒
饱,满
结,实
桂,圆
大,粒
大,暴,雨
暴,雨
大,个
糊
非,常,低
抄,手
很,够
实
卤,汁
解,渴
椒,盐
菇
实,时
思,来
来,晚
检,查
神,马
中,国
版
现
↖,(,^,ω,^,),↗
言,说
谁,料
竟
记,住
这,事
不,再
旁,观
旁,观,者
观,者
宇,航
宇,航,员
电,动
电,动,车
动,车
火,星
住,地
地,球
待,遇
之,所,以
首,要
万,万
值,当
当,了
对,得,起
煎,饼,果,子
果,子
羊
薅
秃
俱,佳
鸡,丝
一,瓶
心,情
舒,缓
！,~,\,(,≧,▽,≦,),/,~
比,起
红,油
1,8
摆,摆
摆,样
摆,样,子
即,使
备
于,是
备,注,栏
颤,颤,巍,巍
颤,巍
颤,巍,巍
巍,巍
存
好,几,杯
吉
软,软
能,否
换,成
见,证
奇,迹
时,刻
发,生
没,错
以,至
以,至,于
激,动
随,时
昏
危,险
评,得
词,穷
买,买
淀,粉
!,!
第,一,份
第,二,份
二,份
s,h,i
直
小,碗
傻
缺
赚,到
尾,端
糊,状
不,可
耐
薏,米
除,湿
皇
话
变,热
续,订
耳,闻
急
严,重
预,订
分,店
大,部
大,部,分
分,地
回,味
回,味,无,穷
无,穷
大,众,点
点,评
多,块
退,款
酸,梅
酸,梅,汤
b,u,g
修,改
实,因
店,员
亲,子
使,用
恩
匹,配
调,节
午,休
网,上
齁
豆,瓣
豆,瓣,酱
龙,抄,手
十,几,块
强
忒
果
粽,子
多,少,钱
端,午,节
业,界
清,新
S,O,H,O,5,0,0
融
科
望,京
三
走,错
小,果
果,盘
过,后
标,签
哪,种
分,别
余
再,慢
小,跑
直,说
难,得
尽,量
哎,呀
新,品
单,人
蓬
唑
h,a,o
吃,成
久,仰
久,仰,大,名
藕
煎
顶,顶
很,淡
更,换
没,法,用
办
会,员
会,员,卡
没,吸
传,统
可,圈,可,点
可,点
当,下
掌,握
涼
麵
及
询,问
同,意
6,0
东,东
保,存
胶,带
湿,纸,巾
现,场
捂
放,油
送,餐,费
餐,费
耦
(
^,^
),♪
盛
四,根
扔
时,间,差
一,分,钟
超,时
后,续
出,现
米,粥
足,量
好,客
会,用
效,率,高
友,善
葱,花,饼
定,点
包,子
肉,汁
肉,饼
上,下
味,精
饭,店
没,办
奇
菜,花
花,椒
疙,瘩
疙,瘩,汤
小,朋,友
肉,酱
过,给
菊
一,类
很,甜
糖,水
水,里
敏,感
计,价
计,价,格
民
宁,愿
绕,道
上,品
贵,在
哪,怕
降,低
低,质
低,质,量
否,则
日,久,天,长
天,长
损,失
放,盐
清,爽
吾
水,煮,鱼
精,品
东,坡
宮
赵
梅,州
离,谱
盒,里
马,路
正,对,面
对,面
）,，
名,店
保,障
久,等
蛋,炒,饭
山,竹
竹,笋
滋,味
坛
并,且
住,院
厨,子
姜
适,应
真,慢
五,颗
五,颗,星
二,话
二,话,没,说
式
腊,味
拼
名,不,虚,传
不,虚
有,责
责,任,心
菜,豆
豆,腐,粉
太,嫩
静,音
偏,少
洲
农,家
鸽,子
6
楼
爬
湄
油,量
美,味,佳,肴
佳,肴
货,真,价,实
老,妈
陪
厨,师
平,易
平,易,近,人
主,动
带,下
湄,州
(,✪,▽,✪,),!
赠
暖,暖,的
信,任
天,下
2,4
欺
现,象
热,情,周,到
非
喜,庆
最,难
金,银
金
闷
解,馋
不,配
炼,乳
碟
蜂,蜜
一,荤,一,素
降
垫,纸
很,重
地,沟
地,沟,油
蘸
马
盏
糕
小,笼
小,笼,包
大,牌
大,堂
大,差
一,分,货
把,门
垃,圾,桶
真,得
快,包
严
密,封
紧,密
满,百
•
高,超
这,点
那,位
家,口
俩,个
无,奈
冒,血
旺
注,消
消,息
随,手
甚,至
！,）,~
冻,糕
银,耳
银,耳,汤
八,点
同,堂
基,本,上
动,问
有,没,有
八,个
汤,包
包,好
蒸,饺
万,分
甜,香
商,品
商,品,质,量
搞,错
葱,油
油,面
爸,爸
次,要
铺,上
以,防
锁
付,出
尚,可
云,吞
馄,饨
总,计
1,9
鲜,肉
热,热
运,输
灌
均,匀
咸,水
水,鸭
时,段
快,马,加,鞭
加,鞭
～,^
给,钱
阿,姨
糖,醋
肠,粉
糯,米
专,用
客,户,端
南,京
盐,水
盐,水,鸭
包,皮
北
米,粉
蒸
嗖
下,出
面,前
窝
上,边
木,瓜
见
有,生
故,意
调,戏
辣,辣,的
中,直
节,奏
强,烈,推,荐
五,花
五,花,肉
石
再,现
三,明
三,明,治
明,治
油,水
汉,堡
两,袋
森
断
抗
脏
黑,椒
很,烦
烦,人
童,鞋
慎,重
较,少
年,糕
苹,果
苹,果,汁
石,榴
过,期
中,医
杂
丁
爽,口
前
卤,肉
卤,肉,饭
单,卖
碗,面
(,ฅ,>,ω,<,*,ฅ,),，
过,重
重,庆
放,上
一,勺
日,常
手,机,信,号
系,上
(,*,￣,▽,￣,)
y
比,附
另,一,家
不,介,意
介,意
开,放
全,面
凉,粉
牌
巧,手
运,力
厉,害
退
能,干
狡,辩
补,偿
更,是
素,质
卑,劣
额,外
加,收
尔
反,而
最,差
乱,收
乱,收,费
收,费
没,到
完,成
达,到
摆,设
三,份
盆
四,份
2,0,0
整,份
丝,瓜
种,菜
十,几,种
几,种
规,格
回,回
不,当
当,个
能,及
却,是
认,不,清
家,常,菜
咖,喱
服
催,促
臭
以,往
！,！,！,","
真,差
差,劲
告,诉
再,说
认,识
物,流
仔,鱼
籽
盖,子
其,中
没,人
人,理
理,会
椰,果
封
模
奥,利
利,奥
全,错
管
？,？,？,？
撕,开
四,分
四,分,之,一
投,诉
虫,子
几,粒
龙
利
说,完
打,过
过,去
去,取
没,事
没,事,儿
祸,害
两,盒
r,o,u
宽
外,加
一,丁
一,丁,点
一,丁,点,儿
丁,点
丁,点,儿
后,下
反,胃
怀,疑
烟,头
人,代
代,收
糟,糕
鸡,肉,饭
黑,斑
碳
再,也,不,会
单,子
剩,饭
装,上
不,对
挂,断
煎,蛋
s,b
一,打
喷
大,米
页,面
渣
极,差
爹
实,际
不,符
配,不,上
卖,相
绝,不
香,芹
笋,丝
喂
猫
鱼,头
小,强
合,到
不,先
半,盒
少,油
热,门
就,越
接,上
干,辣,椒
过,头
一,路
稀,烂
艹
奇,葩
计,成
成,年
成,年,人
五,份
六,分
六,分,之,一
很,贵
日
餐,饮,行,业
行,业
人,性
先,是
地,点
核,对
前,几,次
没,分
蟑,螂
厚,厚
厚,厚,的
一,层
凝,固
鸡,蛋,壳
蛋,壳
脏,乱
脏,乱,差
没,收
苍,蝇
大,坑
择,配
从,来,不
买,家
服,气
难,受
辣,得
大,料
用,钱
三,杯
三,杯,水
杯,水
真,速,度
勺
股,子
酒,糟
马,马,虎,虎
马,虎
虎,虎
汤,水
世,界
注,明
没,分,开
盛,放
注,定
打,水
打,水,漂
水,漂
极,致
记,上
量,差
九,块
他,妈,的
脑,袋
⃣,️
有,神
神,经
神,经,病
K,F,C
口,干
该
废
眼,里
西,和
无,耻
着,凉
奧
水,分
沒
单,被
相,隔
内
常,温
点,击
座,机
空,号
从,未
从,未,见,过
关,机
忙,碌
单,一
显,示
上,网
搜
电,话,号,码
两,步
干,什,么
边,上
走,路
可,怜
千,万,别
沙,子
接
西,东
显,然
屁
？,","
零,下
五,度
睡,衣
拖,鞋
五,六
五,六,分
五,六,分,钟
六,分,钟
一,比
冰,冰
冰,冰,凉
冰,凉
透,心
透,心,凉
心,凉
几,大
几,大,块
大,块
再,见
涨
越,次
将,近
面,筋
状,物
状,物,质
物,质
浓,烈
杏,仁
苦,味
某,种
化,学
学,制
制,剂
),，
迟,到
迷,失
帝,都
“
仙,境
眼,看
吃,不,上
西,都
上,午
大,米,粥
放,弃
笑,一,笑
不,爽
腥,味
两,张
上,自
擦,干
店,名
过,长
一,堆
一,整
两,点
好,几,个
下,文
回,电
人,员,素,质
一,顿
吵,吵
l,o,w
味,道,不,好
不,仅
恶
可,想
可,想,而,知
傻,子
軟
裡
丢,掉
三,碗
底,儿
扣
地,上
呗
最,终
目,的
目,的,地
烹,饪
技,术
营,销
能,力
有,限
不,使
从,不
怒
欺,负
欺,负,人
!,！
理,由
若,是
分,配
配,给
！,!
事,实
！,！,！,！,！,？
媒,体
曝,光
没,完
平,均
不,停
几,根
真,服,了
蜗,牛
补,差
差,价
相,差
不,能,不
不,能,不,要
级
共
花,都
胎
前,两,天
当,天
奢,望
能,到
烧,高,香
骗
爬,到
乱,写
交
没,人,接
成,交
气,死
气,死,我
气,死,我,了
仨
打,死
良,辰
告,诫
众
友
此
拔
半,拉
拉,多
最,最
可,恶
四,十,五
要,不,是
脸,上
惹
奔,走
奔,走,相,告
相,告
接,近
体,会
没,准
想,送
如,下
:,","
只,要
真,值
十,一,点,半
一,点,半
商,务
半,左,右
去,去
没,赶
赶,下
赶,下,去
来,电
放,到
大,厦
厦,大
太,奇
楼,梯,口
肥,腻
简,单
咱
三,点
多,下
五,点
一,下,子
下,子
借,口
未,准
5,8
意,义
大,概
六,七
七,根
根,尖
墨,迹
查
3,3
2,2
送,出
无,味
弃,之,可,惜
实,物
9,0
0,4
反,应
光,送
1,7,7,x,x,x,x,0,0,5,6
这,时
这,时,候
强,烈,不,满
岁,数
几,位
几,位,数
位,数
数,字
隐,藏
害
几,百
几,百,米
百,米
拿,走
稍,后
行
是,从
3,9
T,M
碰,见
不,负
不,负,责,任
强,制
浓,浓
浓,浓,的
焦,糊
接,听
至,今
给,予
回,复
宵,夜
上,夜
夜,班
骗,子
通,电
通,电,话
看,不,见
不,见
下,楼,去
坚,决
决,不
骂,人
两,端
端,面
太,软
明,知
层
一,晚
承,诺
没,取
家,居
家,种
种,田
丢,人
七,号
不,明
明,白
馅,儿
～,…
确,定
大,美,女
那,家
麽
别,提
块,儿
从,前
零,星
一,个,劲,儿
有,愧
愧,疚
感
意,识
饿,过
九,十
九,十,分,钟
全,宇,宙
后,会,无,期
无,期
呐
管,口
骂,街
跟,不,上
何,以
何,以,堪
死,面
里,头
一,共
共,用
不,成
剩,菜
尊,重
具,体
既
彻,底
罢,了
据,说
发,出
受
9,9
打,击
不,来
说,一,说
",",!,","
变,硬
1,0,6
坦,白,说
差,远
差,远,了
层,楼
不,剩
素,菜
两,根
最,慢
于
那,时
下,不,去
海,枯,石,烂
打,架
门,卫
那,儿
以,便
险,些
中,毒
！,！,！,！,！,！
毛
尽,是
拉
创,造
1,6,7
大,麻
麻,花
只,好
肠,炎
虚,脱
开,业
点,错
反,差
一,团
生,面
大,街
街,上
上,手
两,块
里,脊
早,起
硬,货
后,点
两,三,粒
三,粒
白,米
满,怀
那,份
苦,苦
坐,电,梯
B,2
没,心
点,定
中,途
压,根
两,层
第,一,层
扔,掉
耍,流,氓
流,氓
发,脾,气
脾,气
装,到
菜,根
多,支
点,出
问,起
不,信
炖,鸡
先
大,南
大,南,门
南,门
一,生
半,点
小,伙,伴
伙,伴
看,着,办
粘,糊
粘,糊,糊
",",，,","
渣,子
厦,门
混
依,稀
稀,有
抽
8,0,0
价,单
1,4
说,句,实,话
退,货
七,元
交,款
返,还
真,他,妈
倒,霉
凭,良,心
凭,良,心,说
网,友
挤,出
挤,出,来
不,严
打,错
培,训
淹,没
当,中
有,理
网
正,确
首,先
而,是
直,到
到,任
任,何
咨,询
老,师
听,到
，,“,","
",",”,，
不,论
不,论,是
硬,硬
崩,溃
好,几,遍
几,遍
样
原,样
多,特
望,安
安,排
排,好
好,多,天
非,常,少
小,孩
店,主
教
3,5
掂,量
掂,量,掂,量
3,6
问,人
答,复
霸,王
对,待
免,费
一,时
一,时,间
响,应
时,而
没,交
交,代
1,0,8
打,差
线
2,3
2,1
通
形,容
句
搞,出
销,量
打,回
回,去
结,果,期
五,十,分,钟
总,共
抢,白
一,圈
这,边
解,送
好,了,吧
凶,残
任,性
三,星
勁
單
惊,人
远,去
水,流
几,片
小,小,的
指,甲
指,甲,盖
近,期
花,儿
到,极,点
极,点
前,台
四,五
四,五,个
其,次
课,取
突,出
五,十,八
十,八
有,意
有,意,思
自,行
自,行,车
行,车
不,如,说
1,1,6
娘
真,贵
慢,慢
硬,是
抵,住
大,片
很,厚
乖,乖
惋,惜
约,定
不,得,已
盖,浇,饭
永,远
通,话
中,和
好,不,容,易
打,通
撤,出
楼,底
楼,底,下
底,下
不,实
大,爷
奥
丢
第,三,方
三,方
后,晚
难,免
岔
毛,毛
弄,掉
死,活

早,上
把,握
入,驻
关
坑,人
写,给
议,购
谎,称
保,安
不,让
当,面
对,质
想,进
不,入
习,惯,性
惯,性
现,金
男,子
一,把
扯,下,来
小,票
想,起
付,过
已,付
二,十,多
二,十,多,分,钟
扔,出
扔,出,来
顿,饭
闹,心
有,点,像
兮,兮
白,色
石,块
硌
牙,疼
点,得
大,妈
上,错
楼,层
横
无,与,伦,比
伦,比
吼
吼,吼
软,和
取,得
关,了
甚,远
肚,子,疼
拉,稀
空
立,即
通,了
碰,到
长,见,识
长,见,识,了
见,识
主,打
法
上,菜
一,大,半
本,着
助,人
助,人,为,乐
人,为
原,则
圆,白,菜
蔬
想,像
光,是
生,菜
行,不,行
！,【
】
丑
山,东
卷,上
煮,熟
不,怎,么,样
怎,么,样
禀
太,后
整,整
整,一
整,一,个
变,得
两,分
耍
小,心,眼
心,眼
很,糟
闹,肚,子
=
=,！
绝,无
根
三,思
长,达
优,点
关,键,点
种
现,磨
麦,子
人,民,大,学
大,学
学,到
海,淀
庄
次,之
0,7
）,。
匍,匐
匍,匐,前,进
前,进
根,本,就,是
闭
索,性
出,外
彼,此
感,情
伤
稀,粥
临,时
臭,味,儿
喝,粥
露
真,难
草
且
夜,里
醒
呕,吐
敢
半,成
半,成,品
成,品
无,以
无,以,复,加
极,慢
馊
蹲
一,上
一,上,午
厕,所
食,物,中,毒
从,头
尾
一,百,块
百,块
三,块
不,咸,不,淡
算,账
谁,知
浅
几
整,块
肥,肥
肥,肥,的
肠,胃
消,化
子,表
干,巴
干,巴,巴
巴,巴
来,讲
优,惠,卷
腐,臭
腐,臭,味
泥
准,入
粗
忽,悠
！,~
两,公,里
上,当
延,时
时,评
整,晚
常,生
米,里
别,说
家,商
商,店
多,难
不,怕
你,好
草,泥,马
早,日
关,张
感,觉,不,好
不,松
1,1,1
愿
槽
卷,进
直,通
度,日
动,物
动,物,园
长,毛
上,帝
！,！,！,！,！,！,！,！,！
太,小,太
闹
怎,么,回,事
回,事
涨,价
接,通
喊
”,。
走,出
楼,道
客,观
不,愉
噎
更,糟
流,得
得,到
里,根
绿,色,蔬,菜
硬,面
皮,里
反,映
商,品,名,称
品,名
1,4,0
坑,害
消,费,者
’
噩,梦
脸
圆,盒
小,方
方,盒
成,都
呼,吁
越,做,越
后,发
一,纸
怎,样
气,态
得,顺
顺,着
宠
:,)
劝
重,来
锡
铂
面,面
腥,气
烫,面
片,中
商,户
熬
说,明
南,瓜,子
瓜,子
塑,料,片
十,点,五
瘤,子
经,打
信,誉
冲,着
逗,我
咳
显,得
别,理
理,所,应,当
所,应
应,当
不,退
粗,鲁
不,难
中,等
很,远
史
大,颗
好,歹
鬼
浪,费
浪,费,资,源
资,源
研,发
过,为
电,梯,门
刺,鼻
化,工
化,工,原,料
原,料
能,解
办,公,桌
介,绍
一,颗,颗
赔
好,心
放,得
七,点
退,还
仅,供
仅,供,参,考
阳,台
衣,服
没,接
第,二,个
丫
审
孙,子
关,门
多,个
持,续
龌,龊
停,止
胃,痛
误,事
办,事
办,事,效,率
不,在,乎
刺,激
状,态
没,底
第,二,口
二,口
饼,干
干,脆
改,名
名,叫
叫,鸡
看,完
皮,肉
堪
登
粗,粗
红,色
塑,胶
",",！,！
？,？,？
感,受
无,数
无,数,次
数,次
上,马
愣
天,体
上,下,班
等,等
咱,们
蛮,不,讲,理
不,讲,理
讲,理
之,人
创,业
做,生,意
忙,不,过,来
删,除
有,所,改,进
0,9
0,8
急,火
急,火,火
”,，
遂
忿,忿
离,去
没,事,人
╮,(,╯,▽,╰,),╭,，
吐,痰
弹
烟,灰
多,家
招,人
恨
无,人
鄙,视
无,良
整,得
考,虑,一,下
1,3,2
(,",",‾,᷄,꒫,‾,᷅,",",)
(,ㅎ,‸,ㅎ,)
昨,天,中,午
t,m,d
操
多,量
舔
改,正
减,量
淡,味
迟,来
右,下
有,误
理,直,气,壮
晕,死
酸,臭
偏,偏
2,0,1,4
月,份
僵,尸
反,问
哪,儿
度,过
过,慢
位,置
交,易
易,成
耽,误,时,间
误,时
9,5
收,货
候,选
休,息
休,息,日
那,天
子,实
多,层
占,到
体,积
一,多
一,多,半
多,半
难,以
以,下
下,咽
不,提,也,罢
也,罢
试,过
幸,运
泡,面
充,饥
送,进
进,学
破,产
多,所
校,门,口
好,懒
更,慢
飞,虫
猪,瘦,肉
百,分,百
素,食
素,食,主,义,者
主,义
主,义,者
菜,饼
各,位
无,风
明,朗
后,放
。,！
能,留
得,亏
分,明
半,熟
一,好
？,？,！,！
刚,来
麻,酱
及,格
太,合
完,毕
梦,游
看,不,到
聊,天
要,到
人,话
很,晚
0,0
订,书
书,钉
下,降
层,次
裹,好
附,带
/
咬,了,一,口
韧,劲
丁,丁
风,格
一,条
体,能
！,！,(,*,>
<,*,),","
好,生
附,赠
且,慢
乘,以
二
起,价
天,明
凉,皮
有,情
情,怀
怀,有
炖,肉
少,解
解,释,一,下
两,倍
各,类
服,务,员
语,气
胡,乱
编,造
编,造,出
造,出
造,出,来
),。
赚,钱
摆,明
赚
周
神,奇
店,子
一,倍
一,模,一,样
信,心
开,店
改,变
倒,闭
摆
突,然
条,头
帽,子
带,好
第,一,等
一,等
默,默
运,送
信
？,！,！
震,惊
0
1,3,0
吉,尼,斯
吉,尼,斯,世,界,纪,录
尼,斯
斯,世
世,界,纪,录
出,发
没,拿,到
怎,么,办
？,？,！
吞
不,支
标
劵
9,6
尽,然
北,门
发,臭
花,点
心,思
做,成
照,样
X
未
皮,带
西
少,爷
咬,一,口
心,酸
印,象
手,感
大,厨
纸,质
很,忙
不,解
店,大,欺,客
欺,客
慢,死
往
如,以
饿,着,肚,子
零,个
急,事
但,因
过,速
再,选
心,服
回,头
回,头,客
杀,猪
起,点
落,单
敷,衍
用,水
水,泡
峰,点
区,域
几,条
钟,头
吐,吐
补,助
联,合
欺,骗
骗,人
大,门
无,论
与,否
散
路,程
制,作
扮
回,民
上,图
进,入
黑,名
黑,名,单
名,单
没,意,思
穿,越
喉
上,过
过,天
天,天,向,上
向,上
大,夏
负,分
一,段
一,段,路
一,位
女,士
经,理
河,北
打,到
败,给
店,长
骂,骂
骂,骂,咧,咧
骂,咧
骂,咧,咧
咧,咧
被,告
落
*,*,*,*,*,*,*,~
好,容,易
下,自
3,2,4
？,？,？,！,！,！
1,1,0
！,！,！,！,！,！,！,！,！,！,！,！
一,肚,子
一,肚,子,气
气
大,老,爷
大,老,爷,们
大,老,爷,们,儿
老,爷
老,爷,们,儿
爷,们
爷,们,儿
6,0,0
大,分
来,到
概,念
根,本,无,法
出,于
好,奇
奇,点
量,变
变,少
看,图
烦
说,真,的
抽,掉
后,退
权,益
益,都
保,护
我,会
发,红
设,计
包,装,纸
精,力
高,产
认
五,六,个
六,个
反,馈
嫌
追,究
对,了
晦,气
合,一
电,话,费
话,费
倆
错,过
不,免
低
舍,友
先,来
2,0,m,i,n
口,碑
毁
妹,妹
望,洋
望,洋,兴,叹
兴,叹
弟,弟
欢,迎
迎,来
没,影
尽,快
五,下
无,果
拨,打
！,。,。,。
真,不,知,道
顺,序
抓,紧
抓,紧,时,间
长,卷
糟,烂
分,不,开
拜,托
两,块,钱
一,两
一,两,个
最,早
睡,醒
午,觉
市,场
随,便
不,忍,心
忍,心
5,7
几,百,遍
百,遍
不,理
劣
服,务,水,平
平,等
白,搭
杀
淌
中,饭
下,午,茶
八,块
土,豆,饼
豆,饼
屌
小,混,混
混,混
指,定
多,顶
糙
⋯
没,完,没,了
叫,唤
高,价
4,0,0
前,面
早,知
四,小
声
狗,屁
私,自
猜
，,，,。
5,4
华,而,不,实
不,关
关,心
素,养
那,金,刚
金,刚
金,刚,钻
揽
瓷,器
瓷,器,活
派,来
标,题
胃,病
搞,好
百
洁
吹,捧
老,干,妈
干,妈
泡,水
个,位
压,破
皮,厚,馅,少
丹
敢,不,敢
？,！,！,！,！,！,","
受,够
受,够,了
!,","
强,调
天,一
红,红,的
手,术
难,熬
零
龟
四,五,十
比,你,早
家,地
引,起
误,会
分,送
瞎,子
找,不,出
花,钱
花,钱,买
罪
稀,饭
看,看
了,事
面,糊
糊,成
望
后,台
按,键
撤
?,！,！,！,！
！,！,！,（
）,","
衰
浸
一,不,小,心
十,次
总,算
据
须,要
蛮,横
一,万,只
万,只
奔
。,。,？,？
风,风
风,风,火,火
风,火
步,行
梯
粑
饥,肠
饥,肠,辘,辘
辘,辘
能,够
不,乐
不,乐,意
乐,意
承,认
严,谨
看,好
【
】,！,！,！,！
力,气
新,定
好,烦
前,晚
晚,归
t,m
黏,了
竖
心,态
整
辣,菜
╭,(,╯,ε,╰,),╮
屎
值,班,人
值,班,人,员
退,给
费,用
上,会
通,过
半,生
半,生,不,熟
不,禁
联,想
资,金
金,花
一,兜
兜,子
那,场
场,面
翔
豆,牙
辜,负
改,订
做,法
不,妥
事,后
错,误,行,为
行,为
辩,护
備
註
、,、
雞
腿
什
麼
薦
困
難
建
議
後
務
多,钟
面,带
挑
面,食
给,出
头,发,丝
发,丝
退,订
河,里
劳,资
晚,来
赖
大,失,所,望
失,所
可,恨
猪,皮
一,声
春,卷
好,肥
淡,而,无,味
今,年
放,牛
变,黑
黑,心
会,去
一,半,多
半,多
豆,豆
大,宇
没,味,儿
柿,子
柿,子,椒
谈,不,上
1,3,2,4,1,0,8,0,7,5,7
了,解
称,赞
夜,宵
超,长
工,艺
美,食,家
帮,助
酸,楚
解
或
单,独
小,袋
小,袋,装
宇
一,场
输,赢
b,y
推,来
推,来,推,去
宁,可
可,不
屋
一,百,倍
百,倍
还,价
推,迟
示,好
口,头
头,晕
渣,滓
说,定
六,点
六,点,半
正,面
；,","
负,面
标,注
不,耐
不,耐,烦
耐,烦
其,他,人
他,人
塞
鸡,骨
鸡,骨,头
这,款
",",。,。,。
我,处
互,推
推,诿
诚,信,度
信,度
嫩,嫩
嫩,嫩,的
混,为
混,为,一,谈
侮,辱
一,分,钱
分,钱
大,半,年
样,态
命,令
口,吻
嗓,子
说,不,出
四,点
一,刻
泥,块
迷,你
葱,丝
！,！,！,！,！,！,！,！,","
打,碎
盐,罐
罐,子
酸,味
真,受,不,了
春,饼
平,台
供,餐
后,处,理
理,好
似,乎
兽
+
白,水
一,两,块
鸡,毛
深
惩,罚
游,戏
以,定
价,格,比
似,是
浇
食,堂
困,难
第,二,回
二,回
变,质
清,华
路,牌
糟
！,！,！,！,！,！,！,！
单,非
规,矩
！,！,！,！,！,！,！,！,！,！,！,！,！,！
两,遍
1,4,4
对,比
鲜,明
相,信
！,！,！,！,","
堆
直,愣,愣
愣,愣
站
有,恒
恒,温
？,！,","
！,！,！,！,！,！,！,！,！,！
1,4,2
收,下
这,么,久
拒,收
冰,箱
湿,漉,漉
原,始
原,始,人
超,市
天,才
算,了,吧
犯
八,十
八,十,多
冷,下,来
一,粒
直,往
往,下
往,下,掉
勒
吭,声
焯
炒,过
累
觉
(,╯,□,╰,)
等,待,时,间
漫,长
逐,步
竞,争
竞,争,力
吃,腻
有,备
备,用
该,会
纸,盒
定,价
太,黑
点,选
啧,啧
赶,脚
",",",",","
打,个,招,呼
招,呼
细,点
啤,酒
减,到
道,人
老,醋
蜜
田,园
放,假
最,糟
派
软,塌,塌
九,寸
厘,米
寸
小,区
P,I,Z,A,Z
到,货
囊
计,划
三,分,之,一
十,块
十,块,钱
七,块
五
那,边
回,过
拨,通
自,动
做,菜
无,法,忍,受
忍,受
茶,树
茶,树,菇
眼,神
鼻,子
亏
果,仁
好,几,样
几,样
蔫
哪,家
混,乱
儿,时
发,过
发,过,来
会,操
操,作
有,空
腐
彭
伟
j,b
智,障
缺,德
嫁,给
按,钮
灵,气
天,机
进,驻
延,迟
一,套
是,否
调,头
8,7,1
请,客
…,…,，
封,杀
脂,肪
烤,鸡
骨
光,秃
馋,嘴
蛙
饭,粒
种,质
姜,片
多,片
姜,味
虾,肉
松,仁
玉,米
葱,爆
倒,进
蛋,汤
俺,村
乱,七,八,糟
七,八
能,带
要,命
飞,上
上,天
豆,腐,汤
酸,菜,鱼
鱼,片
四,小,片
小,片
",",⋯,⋯,","
过,完
春,节
火,腿
没,上
别,加
硬,邦,邦
硬,邦,邦,的
套,装
转,悠
几,圈
结,算
以,及
通,都
招,起
中,文
咸,得
有,毒
枣,茶
送,货,上,门
节,省
节,省,时,间
一,过
套
所
踪
没,让
再,补
渠,道
陪,送
领
烂,掉
化
4,3
洗,净
八,点,半
四,十,五,分
四,十,五,分,钟
今
极,难
使,劲
扁
破,坏
街,边
五,块
西,里
产,生
令,人,作,呕
作,呕
自,欺
自,欺,欺,人
不,光
光,彩
扯,淡
前,后
说,法
矛,盾
屁,用
服,务,业
瘪
十,几,次
不,要,脸
要,脸
奇,差
无,比
抠
颗
圣,母
牌,价
飙,升
升,好
好,几,倍
几,倍
一,个,包
界,面
设,置
仔,细,检,查
检,查,一,下
睡,觉
语,音
查,询
转,接
人,工
挂,掉
总,得
总,得,来,说
得,来
玩,意,儿
单,显
实,根
漂,着
泡,沫
请,假
九,点,半
大,大,小,小
统,一
耽,搁
整,盒
深,色
样,品
配,合
颠,簸
流,出
夸,张
全,湿
湿,透
客,人
周,围
擦,拭
环,节
优,化
伴
快,当
当,午
明,定
长,长
开,原
不,能,取,消
能,取
拒,接
而,非
疲,塌
耗,时
该,店
一,切,都,是
上,体
莫,名,其,妙
互,联
互,联,网
联,网
叼
一,副
呸
软,件
正,人
人,间
人,间,蒸,发
蒸,发
截
倍
水,蒸
水,蒸,气
蒸,气
送,回
2,6
防,水
防,水,纸
摊,儿
等,于
面,疙,瘩
足,足,有
开,口
朝
倒,扣
袋,中
毛,呢
报,价
成,果
本,联
没,路
属,于
定,下
二,小
生,抽
法,理
柚,子
柚,子,茶
和,甜,甜
？,？,？,？,？
银,子
战,斗
战,斗,机
牛,筋
能,开
一,个,班
看,错
来,气
气,急
气,急,败,坏
败,坏
避,开
开,高
午,餐,时,间
次,第
心,想
路,过
七,八,分
七,八,分,钟
八,分
八,分,钟
以,内
挑,食
讲
送,去
S,B
这,辈,子
辈,子
色
l
无,话
无,话,可,说
熟,透
一,贯
能,事
吃,完,饭
半,杯
三,根
@,！
花,香
打,印
杳,无
杳,无,音,讯
音,讯
反,倒
楼,上,楼
楼,上,楼,下
好,几,趟
几,趟
理,论
创,新
实,有
多,面
油,罐
照
根,儿
半,死
嘴,里
班
出,土
5,0,0
门,禁
挤,成
？,？,？,！,！
绝,壁
面,汤
告
期,待,值
后,脚
老,婆
气,炸
屏,蔽
忠,实
缘
尽
麻,痹
水,果,盘
粒
没,洗
一,个,双
烩
保,鲜
概,不
凉,拌,面
白,面
调,味,料
统,和
1,3,1
塑,料,杯
汽
中,关
中,关,村
关,村
听,装
连,打
间,隔
白,油
饮,食
名,气
另,类
灾,难
忧,伤
十,下
没,气
气,儿
气,人
答,应
下,完
多,一,半
侧
你,俩
！,！,！,，
退,回
退,回,来
一,大,块
吹
大,雨,天
仿
吓,人
只,够
铺
碗,底
五,分,之,一
溢,出
越,野
飙,车
加,盐
共,要
预,付
预,付,款
想,像,中
固,体
都,匀
鸭
茄
靠,着
空,间
透,透
一,边
喝,水
差,强,人,意
强,人
人,意
划,破
清,清
清,清,楚,楚
楚,楚
识,字
脑
残
一,星,半,点
两,条
街
放,屁
智,商
水,份
亮,点
生,姜
红,枣
架
蜜,柚
喝,出
烤,羊
烤,羊,肉
烤,羊,肉,串
脑,量
接,给
跪
发,飙
多,度
叹,为,观,止
观,止
哇,塞
没,入
重,复
带,大
大,葱
勾,结
诈,骗
3,1,5
上,架
分,种
烂,泥
8,5
七,点,钟
点,钟
钟,点
手,简
速,冻
水,饺
下,属
总,结
过,时
乐,都
倒,入
地,电
抬,头
！,，
豆,花
东,直
东,直,门
银,座
那,次
美,好,记,忆
记,忆,里
换,来
硬,地
吞,咽
厨
呆
世,纪
。,。,。,。,。,。,。
铁,丝
葱,蒜
西,兰
西,兰,花
兰,花
头,一,回
一,回
半,碗
值,钱
",",=,￣,ω,￣,=
木,须,肉
油,饼
不,断
溜
肝
尖
板,筋
园,区
旁,边
不,酸
变,形
压,扁
一,眼
无,力
清,炒
扯
黄,瓜,皮
瓜,皮
怎,么,着
卖,出
卖,出,去
羊,排
时,菜
蒸,馏
蒸,馏,水
提,倡
拿,手
阻,挡
谁,家
大,杂,烩
杂,烩
全,聚,德
德,比
鸭,子
十,九
十,九,块
一,小,块
长,宽
三,厘,米
乘
直,观
时,说
电,联
详,情
灼
芥,兰
为,难
绝,不,会
宫
败
名,誉
应,有
过,于
要,钱
秋
梨,汁
顶,多
2,0,0,m,l
好,些
抵,死
死,不,承,认
不,掉
赶,到
实,实
实,实,在
实,实,在,在
8,7
两,分,钟
%
身,边
常,用
就,餐
迟,迟
整,体,感
8,6
香,酥
香,酥,鸡
碰
现,买
抓,饭
赠,品
酒,店
偷,懒
板,栗
烧,鸡
全,托
挨,饿
连,锁
连,锁,店
发,财
少,少
粮
豆,沙
熬,出
熬,出,来
影,子
拜,服
上,海
寡,淡
婴,幼
婴,幼,儿
幼,儿
定,量
务,要
芥
蓝
拍
蒸,饭
小,而,精
小,抄
包,装,费
蟹,黄
蒸,蛋
?,?
全,身
小,点,儿
白,白
白,白,的
驼
惊
湯
万,年
万,年,青
年,青
石,头
未,在
各
排,骨,汤
跟,进
星,期
能,退
有,用
煲
学,子
吐,血
乌
冬
煮,蛋
菜,饭
咖,喱,鸡
烩,面
直,拉
东,门
分,不,清
二,里
意,大,利
大,利
8,2
！,~,！,！,~,~,！,！,~
！,！,~,！,~
！,！,~,！,~,~,！,~,~,~
！,~,！,！,~,~,~,~
气,死,人
比,比
放,青
不,道,德
道,德
一,百,米
听
没,动
没,动,静
动,静
繁,忙
拨
事,物
而,已
玉,米,粒
米,粒
微,少
赢
心,烦
补,充
一,包
|,|
说,谎
电,脑
证,明
亏,了
1,r
奶,油
意,面
",",。,。,。,。,。
这,他
两,包
白,菜,心
菜,心
肚,丝
少,量
既,然
斤,两
缺,斤,短,两
一,克
够,呛
变,味
银
欠
脏,兮,兮
户,下
吓
跳
加,分
省,心
省,力
宗,旨
一,遍
遍
没,法,子
法,子
毫,无
海,藻
担,担,面
耳,朵
那,晚
筷
家,园
盒,装
鸭,汤
散,发
发,着
敢,喝
且,说
充,当
五,十,五
酸,奶
那,么,回,事
蒜,蓉
娃,娃
数
合,计
4,7
5,2
掐,着
由,是
锅,巴
麻,婆
麻,婆,豆,腐
带,鱼
惨
腰,子
韭,菜
蕨
打,来
进,行
前,去
实,事
实,事,求,是
好,几,份
几,份
最,上
／
沾,满
决
葱,姜
姜,蒜
忌,口
看,不,懂
绿,豆
绿,豆,沙
老,汤
捞,饭
干,丝
女,孩
泪
今,日
水,冲
冲,开
呼
香,辛,料
挞
塑,料,包,装
手,掌
1,2,6
敲,门
听,见
奉,劝
买,张
送,别
实,在,话
看,出
铁,板
量,力
量,力,而,行
事,前
方,法
1,7,0
比,配
法,式
焦,糖
跟,头
发,霉
分,点
先,来,后,到
4,6
附,图
附,上
想,干,什,么
抓,狂
那,里
嘎,巴
梨
吧,唧
食,品,卫,生
开,饭
雨,水
熊
熊,任
弄,成
所,料
雪
碧
猪,排
目,测
缩,小
清,汤
清,汤,寡,水
凯,撒
撒,沙
面,包
热,菜
焦,黄
看,似
了,得
条,款
",",！,","
多,余
减,少
上,有
橙
自,从
闺
吵
海,鲜
不,识
平,日
延,误
几,点
上,班,族
源
经,变
好,久,没
签
协,议
擦
俺
进,校
转,到
偷,工
偷,工,减,料
~,~,","
这,段
段,时,间
有,力
提,拉
拉,米
米,苏
稍,低
两,颗
活,动,期
方,式
折,扣,率
扣,率
最,高
钱,包
票
扣,款
她,家
7,0
后,果
最,小
虽,说
口,轻
可,怕
会,管
两,把
一,万,次
万,次
记,录
上,照
萧
瓜,子,壳
萨,里
!,!,。,。,。
缠
蓝,色
次,次
拉,基
前,一,天
加,水
加,水,煮
跩
取,出
拉,比
板
全,散
这,样,儿
样,儿
得,用
热,带
热,带,雨,林
雨,林
B,B,Q
无,视
!,?,!,?
太,湿
一,角
牛,肉,丸
肉,丸
让,开
0,2
实,话,实,说
实,说
十,多,次
最,久
原,谅
有,失
意,下
国,电
电,子
6,2
4,9
含
来,试
安
新,年,快,乐
不,守
小,作,坊
作,坊
蝴,蝶
血,丝
怪,难,吃
大,瓶
中,奖
瓶,盖
灌,装
坐,地
拉,有
介
抑,郁
海,陆
至,尊
满,眼
火,腿,肠
海
个,里
此,次
大,门,口
眼,睁,睁
四,楼
劣,质
杯,底
这,双
双,重
香,草
铁
刀,叉
奶
布
华
夫
吐,司
o,r
猴,子
红,丝
丝,绒
乌,七,八,糟
捧
拿,稳
国,字
来,点
该,减
鸡,腿,饭
结,过
提,交
眼,瞎
机,灵
合,谷
祝,你,们
精,明
过,劲
体,谅
承,担
",",（
排,上
一,片,片
片,片
红,点
歪
关,东
关,东,煮
砸,门
亏,得
滴,滴
滴,滴,答,答
滴,答
答,答
五,六,块
白,饭
不,变
半,价
好,久,好,久
烦,死
周,六
比,较,忙
脏,话
菌
拿,开
开,水
海,苔
计,较
沙,发
转
红,包
一,餐
可,见
四,包
千,岛
点,汤
给,你,个
自,个
自,个,儿
‵,′,)
焉
西,多
病
生,生
生,生,的
着,实
认,过
一,步
东,坡,肉
再,不,来
网,上,支,付
囧
",",！,！,！,","
咖,喱,饭
珠
鱼,虾
误
义
正,言
言,辞
柠
？,。,。
死,难
万,幸
虚,假
如,实
路,远
打,车
车,费
加,价
打,了,个
参,与
合,作
餐,车
难,顾
不,自
餸
壞
脖
绝
一,问,三,不
一,问,三,不,知
明,确
天,麻
长,特
方,便,面
百,叶
三,十,块
小,盒
黑,白
睡
黑,点
麻,将
鹌,鹑,蛋
烧,饼
品,数
数,量
菌,类
火,候
落,下
下,菜
注,上
缩,水
三,元
诺
挑,起
挑,起,来
中,指
一,支
组,成
园
羊,腿
皮,鞋
鞋,底
莲,藕
比,什
毛,肚
南,非
脐,橙
剥,开
橙,子
红
柚
凤,梨
蜜,桔
葡,萄,汁
难,免,会
掺
不,纯
芒,果
蓝,莓
西,瓜
米,线
退,换
顾,不,上
麻,油
外,带
比,较,满,意
眼,睛
眼,科
可,不,是
写,出
成,对
对,过
黑,乎,乎
面,目
面,目,全,非
午,餐,肉
焦,黑
血
何,其
上,吐,下,泻
下,泻
状
腹,泻
胆,汁
吐,出
吐,出,来
鸡,精
一,个,整
烂,乎,乎
吃,剩
1,8,0
新,鲜,度
鲜,度
弹,性
小,摊
五,折
盘,子
碎,片
呃
不,远
确
地,图
哇,哇
地,瓜
”,？
图,案
一,百,多
百,多
折
最,多
救,命
药
两,瓶
果,在
调
退,热
二,十,多,块
十,多,块
整,成
~,~,~,~,~,、
印,出
印,出,来
8,1
1,0,2
冷,冰,冰
赶,在
”,！
早,已
已,不
值,得,称,赞
勾,芡
已,然
码
啥,子
至,极
轰,轰
小,姑
小,姑,娘
姑,娘
核,实
天,亮
挑,到
天,黑
脑,子
趋,向
趋,向,于
层,状
对,此
打,交,道
交,道
鸭,蛋
壳
鸭,黄
插,进
太,短
炒,蛋
异,物
逗,乐
那,明,明
小,鸡
粉,条
烟,味
装,做
身,为
东,北
东,北,菜
得,莫,利
莫,利
炖,鱼
膻,味
挨,着
鱼,鳃
大,梁
层,面
朝,鲜
冷,面
脊,骨
晚,一,点
份,数
数,最,多
本,里
重,度
出,售
造,假
看,不,出
鱼,香,茄,子
程,度
",",",",",",",",",",","
特,点
很,多,很,多
弄,翻
头,里
酱,汤
油,乎,乎
一,道
说,不,出,来
闻
做,东
发,黑
褶,皱
处
顿
打,算
酱,菜
压,过
不,消
究,竟
竟,是
",",！,！,！
单,店
踢,皮,球
皮,球
我,行
骗,钱
诉,请
立,刻
付,账
名
绕
两,人,份
人,份
一,人,份
称,职
九,品
!,!,!,","
厨,房
拿,上,来
粘,着
热,炒
发,错
茴,香
=,=
指,导
二,米
完,善
零,分
负
亿,万
指,责
反,省
责,怪
用,户
永,不
三,十,多
发,热
西,芹
拉,皮
6,7
包,袋
毛,病
虾,米
浆,糊
三,分,钟
很,烂
1,0,3
8,9
西,葫,芦
葫,芦
鲅,鱼
脸,皮
痛
面,肥
肉,头
斑
苦,瓜
容,量
如
砂,子
十,几,个
变,下
当,夜
字,数
三,十,分
三,十,分,钟
经
海,龙
中,技
远,自
巨,款
遇,见
哄,哄
正,是
抚,慰
驾,校
教,练
给,我,发
一,点,钟
收,货,人
畅,通
没,消
紧,急
紧,急,事,件
事,件,处,理
评,上
查,到
固,定
挤
一,会,儿,打
？,？,！,！,！,！
少,提
热,线
热,线,电,话
无,用
骚,扰
一,锤
一,锤,子,买,卖
锤,子
买,卖
金,牌
发,在
吸,取
吸,取,教,训
教,训
出,名
虾,酱
没,炒
虎,皮
腐,竹
土,匪
猪,肝
段
柴,火
剁
尼
较,劲
几,十
几,十,次
乎
欺,人,太,甚
太,甚
雪,梨
大,意
塑,料,纸
精,选
空,盒
主,菜
石,子
咬,碎
时,蔬
绿,叶,菜
上,冻
实,用
实,用,性
了,结
一,口,咬,定
咬,定
通,商
一,身
改,为
明,里
用,纸
洒,得
静
油,菜
徒
虚,表
凉,茶
大,盘
大,盘,鸡
干,点
稍,好
配,料
混,事
走,味
关,门,大,吉
大,吉
鸽
心,理
心,理,准,备
拳,头
4,2
全,能
装,下
红,莲
确,乎
从,小
南,城
长,大
情,节
当,年
炉
不,复
不,复,存,在
存,在
职,工
职,工,食,堂
无,论,如,何
超,薄
心,上
院,里
？,！,！,！
火,锅
火,锅,店
白,点
特,殊
特,殊,要,求
海,米
四,片
八,片
粉,红
粉,红,色
怪,异
染
翅,膀
质,问
好,找
梅
扣,肉
一,辈
一,辈,子
新,鲜,肉
碗,饭
、,","
救
整,顿
公,分
分,长
上,去
鸡,杂
杨
铭
武,昌
武,昌,鱼
架,子
酒,精
托,盘
押,金
烤,鱼
比,出
真,知
小,葱
摊,鸡,蛋
顾,虑
后,里
硬,物
鸭,嘴
草,叶
一,个,样
样,式
清,洗
一,顿,饭
生,平
流,汗
走,时
D
炖,牛,肉
膻,气
混,合
十,万,八,千
十,万,八,千,里
万,八,千
八,千
八,千,里
千,里
图,文
约,会
0,6
1,0,1
江,浙
江,浙,沪
沪,菜
星,巴,克
巴,克
豆,奶
计,提
提,着
好,几,家
几,家
！,？,？,？,！
出,门,在,外
浓,缩
八,次
体
先,后
七,八,个
剩,余
一,大,部,分
被,子
喝,进
喝,进,去
巧,克,力
巧
克
惨,痛
骂
变,冷
冷,饮
理,睬
負
責
任
取,货
欺,骗,性
性,质
4,1
最,晚
索,赔
疑,似
张,嘴
瞎,话
摩,卡
大,半,杯
致,送
外,地
代,购
咖,啡,杯
糖,包
示
本,分
冷,热
瓶,装
热,咖,啡
O
"""",…
问,苍,天
苍,天
卡,布,奇,诺
榛
两,站
路,线
大,圈
接,点
拉,倒
人,比,人
比,人
抹
晃,悠
晃
一,格
加,区
区,号
7,5
朵
太,次
卖,菜
更,新
有,用,吗
搞,清
搞,清,楚
就,让
图,画
瞄,来,瞄,去
帕
翻,得
十,多,个
耗,费
申,请
四,杯
从,今
从,今,以,后
无,效
上,传
不,冷,不,热
鞠,躬
吓,到
红,茶
好,恶
纸,杯
咖,啡,色
后,路
四,分,之,三
之,三
极,少
不,如,意
如,意
有,钱
品,位
三,流
好,长,时,间
里,特
怎,么,弄
?,","
无,可,救,药
可,救
救,药
发,图,片
子
請
質
騙
消
費
種
高,格
調
咖,啡,店
們
爛
冰,品
飲
候
樂
目,睹
可,气
没,能
0,1
？,？,？,？,？,？
餐,点
诉,说
加,钱
先,点
置,备
怀,着
带,来
订,货
订,货,单
货,单
没,说,的
骑,马
马,来
v,e,n,t,i
t,a,l,l
平
下,半
半,截
大,洞
转,头
转,头,就,走
有,素
三,十,一
噱,头
签,收
回,话
盖,格
格,雷
鸟,巢
加,图
煮,烂
悠
唐
少,收
要,饭
饭,钱
三,颗
一,盘,散,沙
散,沙
？,！,？
五,香
刚,出,去
闻,声
卧,室
室,里
四,处
四,处,张,望
张,望
手,机,号
关,着
搬,动
门,把,手
把,手
5,3
始,终
收,回
？,！,。
除,非
拿,回,去
退,掉
结,束
",",。,。
超,次
皮,皮
訂
操,作,员
连,平
更,少
土,腥,味
作,弊
安,检
^,ω,^
荣
南,站
三,百
不,显
进,展
追
赔,偿
难,闻
女,店,员
监,督
制,度
督,促
跟,踪
若,干
荤,菜
接,去
不,畅
再,三
内,疚
极,度
调,味,汁
泡,饭
不,划,算
搞,笑
掏,钱
嗮
里,外
鸭,肉
忽,视
午,时
耳
药,味
豌
仅
多,数
叽
杆,儿
埋
数,过,来
水,下
外,星
外,星,人
粉,蒸
没,饭
可,笑
老,头
老,头,子
头,子
不,像,样
像,样
封,好
十,一,点,左,右
官,方
悄,悄
鲜,味
万,恶
优,惠,券
养
操,行
败,絮
败,絮,其,中
反
送,电
备,下
无,论,是
货,品
冰,激,凌
歪,七,扭,八
冰,袋
软,化
植,物
猪,毛
鸡,心
胗
2,7
愤,怒
之,下
c,a
招
公,交
迟,钝
胡
系,统,故,障
故,障
宏
状,元
电,话,响
？,？,？,？,？,？,？,？,？
腊,八
提,早
提,早,到
黄,叶
豆,沙,包
沙,包
楞,楞
比,学
学,校,食,堂
豆,面
哈,喇
盖,住
第,四,次
总,部
快,给,我
3,0,0
乌,龟
!,!,!,!
不,分
东,南
东,南,西,北
南,西
西,北
消,退
忙,音
查,出
推,卸
推,卸,责,任
卸,责
卸,责,任
点,解
照,单,全,收
油,油
油,油,的
干,干,的
半,边
双,截,棍
改,行
纸,浆
厥
单,打
没,人,管
钟,爱
医,院
输,液
毫,不,犹,豫
大,跌
大,跌,眼,镜
眼,镜
毫,不,理,会
突,突
出,不,去
逗,点
半,分
小,半
被,迫
极,品
枸,杞
佩,服
！,！,！,！,！,！,！,！,！,！,","
太,闲
鸡,巴
四,角
小,饼
趁,早
包,给
去,不,去
你,们,好
虾,饺
倒,掉
业
古,老
摔,碎
踢
拍,下
拍,下,来
来,看
被,盗
问,及
答
曰
车,辆
报,警
理,完
完,事
分,批
四,五,块
三,四
三,四,个
小,土
小,土,豆
坏,掉
）,；
吃,请
跟,前
实,际,上
清,点
同,一
同,一,时
同,一,时,间
串,味
必,定
好,几,块
醉,醉
定,给
王,府
烤,肉
一,块,块
块,块
凑,和
口,重
汤,汤
汤,汤,水
汤,汤,水,水
豆,包
养,生
出,人,命
人,命
试,一,试
(,⊙
太,水
糟,心
惠,顾
规,定
咕,咾,肉
需,谨,慎
谨,慎
一,刻,钟
刻,钟
窝,火
付,现
付,现,金
折,半
暂,且
现,用
账,号
定,出
出,事
事,故
能,耐
嘞
转,起
扳,回
硬,生,生
炒,米
9,4
漏,掉
偏,来
跑,腿
跑,腿,儿
手,提
手,提,袋
提,袋
真,儿
不,怪
上,标
不,封
电,影
开,场
小,杯
一,对
一,对,一
茶,水
别,跟,我
共,计
卸,载
算,不,上
摇
红,梅
黑,加,仑
加,仑
无,影
无,影,无,踪
无,踪
稀,释
小,半,杯
洒,满
换,点
单,目
目,录
价,差
需,不,需,要
有,方
方,糖
配,置
一,半,儿
半,儿
浸,透
特,有
浸,到
蛋,糕,盒
粘,上
来,变
子,口
制,作,人,员
脱,脂
脱,脂,奶
加,冰
冰,块
加,糖
敢,用
g,r,a,n,d,e
挖,出
挖,出,去
调,过
没,回
糟,透
糟,透,了
四,五,次
五,次
可,不,可,以
尖,叫
替,补
切,块
血,肠
无,法,形,容
鲜,蘑
两,道
面,粉
绳,子
定,金
呛
踏,踏
?,?,?
这,样,的,话
馊,味
分,到
二,百
二,百,五
百,五
鸡,头
勾
酱,豆,腐
大,师
大,师,傅
轮
粒,儿
青,花
蝉,蛹
八,只
捞
蛰
贴,着
薄,薄
想,来
钵
出,有
冬,瓜
冬,瓜,汤
9,2
老,子
一,年
递,送
炒,熟
松,子
不,顾
无,限
加,菜
菜,价
撒,满
熘,肝,尖
尖,儿
牙,碜
葱,油,饼
就,手
1,3,5
贝,勒
锅,贴
晒
礼,拜
如,一
少,用
诚,心
归
肉,感
咸,味
掩,盖
狮,子
狮,子,头
不,敢,相,信
安,全,卫,生
款,项
项,目
目,中
瓜,子,皮
蕃,茄
➕
特,别,强,调
调,配
造,成
后,轮
轮,班
一,个,桶
拎
喂,猪
甘
单,个
混,放
实,无
描,述
疏,忽
寿,司
剔,除
吃,得,下
得,下
不,问
休,息,时,间
干,瘪
給
尽,职,尽,责
大,酱
芥,末
递
三,文
三,文,鱼
蒜,苔
打,消
似
然
再,往
这,年,头
年,头
1,7,2
湘
质,素
辅,料
腊,肉
湘,西
逃,荒
蒜,薹
扣,门
好,笑
抠,门
半,两
两,重
口,吃
豇,豆
大,蒜
种,地
扒,拉
凭
编,出
编,出,来
寄
这,块
先,后,顺,序
室,友
贡
丸
蚊,子
泥,巴
吸,水
膨,胀
大,虫
蜡,烛
刀
失,水
山
青,岛
边,角
边,角,料
骚
馆,子
怪,不,得
配,图
桂,鱼
荷,塘
海,螺
没,烧
蛋,卷
补,货
辗,转
透,湿
中,暑
小,食
命,根
命,根,子
根,子
麦,当,劳
打,湿
看,有
申,诉
年,龄
对,外
结,婚
塞,牙
塞,牙,缝
牙,缝
意
德,克
德,克,萨,斯
萨,斯
烟,熏
透,明
甜,辣
回,生
点,化
兑
7,1
大,骗,子
偏,低
门,铃
大,力
拍,门
报,丧
攥
开,快
压,到
后,汉
|,|,","
T
连,番
和,约
c,h,e,e,s,e
（,︶,︿,︶,）,",",！
C,B,W,D
天,上
仓,促
开,封
膜
塑,料,盖
干,嚼
b,b,q
好,人
没,去
一,部
一,部,分
炫
退,保
再,过
重,晚
双,层
单,层
业,务
标,识
选,用
一,个,套
享
踩
从,商
3,4
装,进
装,进,去
手,面
胚
湿,软
男,性
递,过,来
交,流
拿,起
有,声
声,音
半,桶
哈,气
报,销
捏
6,8
4,8
比,西
西,天
取,经
？,？,？,？,？,？,？
致,电
未,果
七,喜
提,前,完,成
（,）,。
潮
年,纪
均
未,退
淘,宝
没,满
这,么,着
抢,生,意
凸
(,｀
´,)
芬,达
湿,答,答
碎,屑
重,影
撤,销
周,期
十,天
信,用
條
裏
支,付,方
付,方
度,提,高
高,一
帐
吓,唬
吓,唬,人
唬,人
明,细
傻,眼
职,业
叉,子
脾,气,好
猛
单,号
不,美,观
油,汪,汪
汪,汪
五,十,多
在,于
朝,着
目,标
标,的
指,示
做,到
关,系,不,大
漏,放
才,刚
生,变
任,何,借,口
和,解
穿
原,本
嚓
熟,门,熟,路
熟,路
生,还
铁,板,烧
肉,品
较,差
空,壳
蛤
爪,子
小,馒,头
鲫,鱼
直,视
小,小,鱼
小,鱼
鱼,缸
锦,鲤
鱼,肉
薄,薄,的
鱼,刺
嗦
螺
螺,丝
牙,签
土,腥,味,儿
腥,味,儿
一,桌
鲫,鱼,汤
鱼,汤
咕,嘟
牲,口
做,饭,吃
中,服
质,要
史,无,前,例
无,前
前,例
砖,块
T,M,D
红,烧,鱼
鱼,块
刺
称
冒,冒
冒,冒,失,失
冒,失
失
追,踪
出,车
出,车,祸
车,祸
请,谅,解
谅,解
金,额
银,行
银,行,卡
诅,咒
损
食,品,质,量
宅
分,成
两,半
彼,岸
港
丽
溶
一,小,包
小,包
太,抠
用,不,着
颠
却,说
本,处
处,在
固,态
自,备
弄,乱
腊,肠
鳕,鱼
牛,柳
蟹
锋,利
戳
出,血
二,点,五
代,替
强,行
鲶,鱼
看,下
票,选
！,！,！,！,！,！,！,！,！,！,！,！,！,！,！,！,！,！,！
定,能
小,别
别,针
把,把,关
把,关
自,体
真,心,恶
填,写
调,度
普,遍
有,所,改,善
时,下
目,前
目,前,为,止
前,为
为,止
结,构
三,只
蚂,蚁
赤,裸
赤,裸,裸
夹,生,饭
生,饭
吃,苦
加,工
加,工,资
如,不
儿,少
带,过
网,站
站,上
真,糟
真,糟,糕
非,肥
补,票
晕,菜
太,苦
加,米
只,见
没,通
组,织
牢,固
1,1,8
7,3
预,览
替
分,装
滥,竽
滥,竽,充,数
充,数
减,免
磨,蹭
腥,臭
税,金
偷,税
偷,税,漏,税
漏,税
5,1
做,不,了
將
飯
因
為
網
就,任
任,意
遲
說
嗎
分,来
分,拨
很,顺
顺,口
华,贵
贵,宾
贵,宾,卡
),","
过,季
三,十,元
看,上
看,上,去
官
度,越
多,几
表,达
达,什
炸,鸡,腿
山,寨
堵,车
太,素
8,8
下,口
=,",",=
年,来
第,一,餐
小,方,块
方,块
为,主
可,怜,巴,巴
I
Y,o,u
传,到
瞻,仰
学,习
留,点
面,子
谈
分,担
说,不,过,去
正,品
恐,怕
砸
极,不
鸡,肋
真,空
真,空,袋
—,—
绝,大
绝,大,多,数
大,多
大,多,数
数,人
)
前,者
吐,掉
一,再
一,再,声,明
声,明
第,几
第,几,次
北,三,环
三,环
南,五,环
五,环
天,壤
天,壤,之,别
赶,不,上
人,气
最,旺
天,变
写,明
研,究
做,主
全,因
吃,饭,时,间
管,理
变,差
女,孩,子
改,定
屮
艸
芔
茻
！,！,！,！,！,！,！,！,！,！,！,！,！
没,要
照,价
找,麻,烦
挑,动
厚,道
快,点,儿
帮,子
b,a,i,d,u
工,作,日
有,变
变,化
表,示,歉,意
好,几,十
好,几,十,年
几,十,年
十,年
老,牌
老,牌,子
牌,子
字,样
刚,定
参,加
有,样
小,苏
不,等
不,等,量
等,量
开,具
配,套
蛋,鸡
男,同,志
同,志
鱼,口
应
浪,费,时,间
费,时
费,时,间
名,过,其,实
名,物
改,不,了
凉,嗖,嗖
嗖,嗖
牛,肉,饼
拇
跟,着
无,数,回
数,回
千,层,饼
保,证,质,量
一,段,时,间
大,包
小,米
小,米,粥
小,宝
小,宝,宝
直,哭
私,人
枣,核
沫
芝,麻
生,硬
长,长,的
难,度
小,虫
小,虫,子
自,营
理,想
动,辄
屋,子
重,视
下,情
黑,芝,麻
偶,然
戟
化,成
开,在
居,民
居,民,楼
楼,里
展,会
跑,出,去
挂,面
哈,拉
流,沙
适,宜
中,学
菠,萝,包
包,在
蜜,汁
叉,烧
烧,鸭
保,鲜,膜
上,街
五,一
人,才
海,参
巴,西
煲,仔,饭
修,车
蕃,茄,酱
不,太,能
白,菜,叶
舍,得
忌
廉
想,定
涮
清,水
提,起
眼,泪
唧,唧
査
贵,妃
这,儿
狂
3,1
嚷,嚷
令,人,发,指
发,指
限,制
义,无,反,顾
反,顾
剔
含,量
香,嫩
太,长,太
买,好
酱,牛,肉
水,瓶
开,过
纯,净
纯,净,水
净,水
部
肉,条
及,其
锻,炼
头,等
多,退,少,补
鸡,屁,股
屁,股
梧,桐
东,边
口,实
清,河
同,是
乱
其,余
吃,锅
严,重,不,足
合,伙
方,人
欣,慰
掏
定,单
提,价
以
上,明
批,发
半,袋
小,西
粗,心
蜀
辣,子,鸡,丁
不,酸,不,甜
省,掉
再,也,不,能
常,识
想,不,出
涩
难,看
认,为
猪,头
猪,头,肉
孕,妇
粗,心,大,意
很,乱
教,育
隔,夜
恐,怖
很,久,没
1,0,7
玉,米,饼
消,去
赔,礼
赔,礼,道,歉
心,头
头,顿
现,如,今
吸,引
引,人
欠,缺
2,3,5
2,0,5
9,3
差,额
推,说
半,亩
打,错,字
错,字
抽,烟
马,路,边
走,过
胡,说
装,错
将,就,一,下
认,同
启,动
路,痴
模,式
即,便
区,里
摸,不,到
详
起,开
过,凉
凉,水
总,金,额
照,发
付,费
牛,腩,饭
后,半
都,还,没
快,递,费
急,呀
道,路
发,短
发,短,信
哪,天
管,理,层
白,拿
干,活
拒,绝
一,口,袋
桔,梗
双,面
面,熟
单,面
罐,头
来,样
瞎
白,菜,汤
末,了
标,准
天,理
污,损
疲,惫
十,来
长,头
等,过
非,用
里,米
溫
管,用
荞,麦
荞,麦,面
推,脱
汤,勺
可,要
牛,肉,汤
肉,汤
记,错
一,味
店,方
看,不,看
赶,往
其
二,下
附
想,为
两,元
肚,子,饿
没,劲
几,通
感,到
多,此
多,此,一,举
一,举
新,发
哑,巴
活,生
活,生,生
、,、,、
~,",",！
洗,过
定,有
重,选
查,不,到
同,一,个
罐,装
说,得,过,去
想,去
平,淡
拒,不
久,之
生,好
软,件,版
版,本
吃,定
韩
小,萝,卜
下,手
铁,门
门,里
还,付
不,敬
多,份
茂
出,彩
黄,油
巴
冰,淇,淋
抢,到
生,过
士
大,伙
大,伙,儿
不,对,味
一,两,次
三,番
三,番,五,次
逃,避
强,买,强,卖
粘,住
道,奇
吃,醋
五,体,投,地
烧,茄,子
很,气
气,愤
炒,粉
好,几,回
一,罐
，,！
购
七,种
腐,肉
燕
三,四,样
四,样
懵
恶,意
条,子
搁
陪,笑
埃
班,上
开,会
耍,心,眼
幌,子
总,会
比,如
没,脑,子
楼,号
打,好
不,重
重,样
吖
有,料
内,外
冻,豆,腐
撒,谎
常,常
够,数
求
楼,门
楼,门,口
推,辞
简,陋
自,封
自,封,袋
配,带
拖
几,串
场,子
两,串
红,柳
三,串
烤,串
卵
残,念
捉
蛏,子
露,出
来,来
好,累
那,人
吊,到
传,达
注,解
高,分
金,针
金,针,菇
土,豆,皮
刮
挣
补,贴
蛙,肉
口,吐
感,受,一,下
一,串
边,长
拴
死,扣
开,好
油,渍
姐
半,卷
卷,纸
接,任
司
集,体
1,5,3
漏,电
花,样
s,h,1,t
保,质
保,质,期
胀
假,话
咒
。,（
正,经
岂
电,车
吃,得,了
髒
绝,望
蛙,腿
脆,骨
很,松
先,服
懒,散
至,多
至,多,是
理,到
服,务,生
解,决,问,题
咽
口,气
两,道,菜
重,油
种,牛
青,苹,果
色,素
糖,精
茶,店
高,点
商,场
场,里
水,吧
大,桶
奇,慢
",",…,…
露,露
求,取
捡,来
回,答
完,蛋
挑,战
松,懈
省,钱
双,皮,奶
新,东
新,东,方
东,方
东,方,学
懂,不,懂
",",、
受,得,了
失,望,透,顶
透,顶
牛,奶
另,加
说,了,半,天
油,渣
呈,现
呈,现,出
，,；
南
再,上
2,B
不,关,我,事
能,行
词
单,手
1,8,8,1,0,5,4,7,7,0,5
I,T
男
程,序
补,给
1,3,4
走,下
毛,豆
摩,西
西,餐
西,餐,厅
刚,要
随,意
好,坏
暂,且,不,说
且,不,说
顺
待,会
天,草
卖,花
插
根,部
汤,杯
杯,口
口,子
太,粗
夏,日
肠,胃,炎
胃,炎
咳,嗽
！,”
！,！,！,！,！,！,！,！,！,！,！,！,！,！,！,！,！,！,！,！,！,！,！
连,连
煤,油
延,长
种,差
面,包,片
扔,到
角,落
放,好
骨,肉
骨,肉,相,连
相,连
1,0,4
4,4
细,看
如,有
1,3,7
吃,晚,饭
！,？,！
挑,不,出
冲,突
几,把
四,种
混,杂
素,什,锦
啥,意,思
致,歉
而,来
大,事
既,然,如,此
前,提
提,下
处,理,结,果
换,人
回,信
断,断
断,断,续,续
断,续
续
下,锅
薄,片
交,待
混,装
反,感
过,小,年
吃,素
小,葱,拌,豆,腐
维,生
维,生,素
冒,牌
冒,牌,货
可,会
送,药
送,进,来
上,调
腰,疼
刚,贴
特,异
过,电
一,前
一,前,一,后
一,后
伺,候
宅,急,送
急,送
信,儿
销,售
太,笨
导,航
投
出,生
生,达
达,标
张,口
箱
敢,收
黏,成
十,二,块
二,块
有,事
偿,命
馍
新,手
恼,怒
仅,限
毛,毛,虫
毛,虫
马,勒
戈,壁
姥,姥
裹,得
下,边
六,七,块
肉,羹
个,性
瓜
皮,黄
黄,豆
但,要
良,好
一,秒
网,络,系,统
举,动
欺,诈
半,折
三,十,七
十,七
五,餐
磅
烘,焙
工
坊
凑,巧
多,美
单,比
为,此
笑,话
人,造
人,造,奶,油
1,6,8
挻
咋,办
亲,戚
亲,戚,朋,友
彩,虹
手,上
洗
洗,不,掉
象,征
象,征,性
拜
赐
最,长
庆,生
不,全,是
1,9,8
上,个
散,架
冷,藏
蛋,糕,店
堵,到
应,到
敷,衍,了,事
直,到,现,在
搓
单,买
自,带
汉
破,口
破,口,大,骂
剌
激
国,人
酸,根
紧
尝,出
出,好
吃,来
大,东
结,合
1,2,3,4,5
当,家
当,家,的
蕨,菜
粗,纤,维
纤,维
萝,卜,丝
麻,麻
麻,点
礼,拜,六
！,！,？
临,界
临,界,点
热,汤
变,凉
假,钱
六,块,钱
豆,芽,菜
两,三,片
三,片
M,d
⊙,),…,","
操,作,失,误
兜
玲,珑
定,好
裙,带
裙,带,菜
哪,样
位,差
味,觉
淡,水
双,双
无,数,遍
数,遍
踏,进
八,喜
吃,亏
进,到
没,等,我
走,到
房,门
门,前
不,礼,貌
题
有,性
千,年
不,换
东
配,调
再,忙
服,务,质,量
两,位
重,到
打,点
打,点,滴
点,滴
诊,断
急,性
卫,生,部
卫,生,部,门
部,门
名,不,副,实
著
準
刷,新
炒,年,糕
满,大,街
版,块
声,誉
提,炼
中,式
真,行
？,？,？,","
光,喝
喝,汤
川,菜
喝,杯
普,洱,茶
刮,油
没,好,气
好,气
得,罪
现,饭
…,：
整,碗
带,饭
趁,热
凌,晨
。,。,，
踹
问,道
查,查
慢,来
未,必
必,是
可,耻
无,职
职,业,道,德
霍
馈,送
狂,奔
郊,区
市,中,心
中,心
4,5,m,i,n
罐
内,心
没,钱
道,儿
冷,餐
留,电,话
(,︶,︿,︶,)
星,子
小,学
小,学,生
学,生
~,！
知,客
打,完
装,作
认,出
大,寒
劝,告
其,一
捉,弄
大,锅
后,分
挑,毛,病
节,省,成,本
认,真,对,待
真,对
待,客
客,户,服,务
各,色
”,。,","
常,委
委,屈
凉,冰,冰
四,十,左,右
五,片
不,务,正,业
务,正
正,业
业,大
躲
避,风
小,包,装
加,放
小,虾
爪
之,比
老,娘
1,2,3
爬,来
零,三
三,十,五
三,十,五,分
程,太
煎,熬
倒,出
湿,乎,乎
三,回
心,醉
二,十,几
人,品
跌,破
最,低
最,低,点
低,点
之,久
鸟
幻,觉
·
下,余
咽,不,下
顶,上
大,油
买,客
摆,渡
一,群
活,儿
s,o,h,o
现,代
城
建,外
定,数
正,时
抽,调
不,无
利,益
看,吧
级,别
聩
新,人
回,事,儿
过,冷
象
一,帮
一,帮,人
晕,头
晕,头,转,向
转,向
一,干
一,干,二,净
单,元
﹉
听,不,懂
m,i,n,i
后,上
论,正
不,忙
出,错
狠
好,多,好,多
可,言
忘,带
卖,到
粗,糙
暂,停
停,下
人,生,观
掺,进
去,过
主,料
蟹,肉
肉,棒
青,口
极,小
为,准
？,（
警,告
冬,阴,功
阴,功
四,只
两,只
煞,笔
滋
水,汽
汽,泡
时,侯
浸,泡
订,成
货,到,付,款
两,秒
？,）
账
姿,势
1,4,9
大,人
嚷
严,惩
商,贩
事,先
先,在
上,告
不,单
相,较
错,觉
鳗,鱼
鱼,排
花,石
㳂
實
三,里
三,里,屯
唯,一,一
一,一
关,于
全,程
跑,来,跑,去
害,怕
烦,热
潇,湘
阁
没,讨
讨,好
烂,成
？,！,！,？
树,根
不,足,以
足,以
牛,气
石,板
烤,牛,肉
粘,稠
A,p,p
5,5,5,5
精
小,黄,瓜
。,。,。,。,。,。,。,。,。
蛋,羹
唯,独
鸡,蛋,羹
水,标
签,写
封,装
往,里
往,里,面
全,麦
求,去
列,表
表,里
家,什
照,相
同,价
要,价
通,好
没,道,理
道,理
崩
泥,水
蛋,黄
蛋,黄,酱
黄,酱
火,鸡
鸡,胸
三,文,治
文,治
冰,糖
會
找,出
五,只
索,然
索,然,无,味
千,方
固
米,特
为,先
体,现
绿,豆,粥
瘦,子
蜻,蜓
快,下
烦,躁
摇,滚
五,六,次
六,次
哗,哗
司,机
1,4,1
．
玉,林
冬,笋
泡,开
用,坏
严,肃
九
咱,家
鲜,果
西,米,露
西,瓜,籽
瓜,籽
瓜,片
魔,芋
结
秋,葵
多,用
费,劲
易,拉,罐
退,费
多,嘴
多,嘴,多,舌
中,餐
6,6
6,1
流,到
从,始,至,终
象,是
不,象
亮
瞎,眼
自,给
紧,张
失,踪
山,西
刀,削
刀,削,面
削,面
茶,花
老,少
枞
叫,做
过,桥
过,桥,米,线
竹,筒
竹,筒,饭
纵
里,脊,肉
云
东,西,连
昧,着,良,心
脊,梁
咚,咚
鲜,花
穿,心
穿,心,莲
另,装
对,数
意,在
装,点
抢,钱
好,赚
往,上
玫,瑰
标,下
重,量
一,并
强,烈,抗,议
抗,议
n,m,d
東
歸
龜
拼,盘
包,里
多,排
人,手
分,层
排,送
炸,鸡,块
得,饶,人,处
得,饶,人,处,且,饶,人
更,远
室,女
嘭
软,绵
软,绵,绵
绵,绵
热,量
突,破
天,际
迷,路
致,癌
短,期
串,串
材,质
茄,汁
到,处,跑
堪,忧
三,岁
右,安,门
硬,气
咸,蛋
够,气
变,味,儿
虾,排
虾,片
=,",",=,","
怀,念
童,年
秘
制
炸,薯,条
糠
五,岁
没,过
接,在
买,给
裂,口
不,是,故,意
死,光
死,光,光
实,需
细,面,条
腐,烂
=,。,=,","
，,。,。,。
过,得,去
通,年
五,十,米
十,米
求,补
黄,色
大,鸭,梨
鸭,梨
没,事,找,事
找,事
太,会
品,第
忠,告
太,严
己,方
小,事
便,是
半,只
统,计
不,诚,实
原,定
不,肯
本,事
这,项
七,八,根
八,根
脖,子
一,个,排
削,皮
用,油
浆
鱼,尾
尾,部
★
(,*,^,﹏,^,*,),。,。,。,。
╮,(,╯,▽,╰,),╭
(,๑,•,ั,็,ω,•,็,ั,๑,)
矿,泉
矿,泉,水
泉,水
狗,狗
杂,豆
火,爆
鸡,爪
出,得
妈,呀
一,品,锅
洒,透
挤,压
剧,烈
剧,烈,运,动
运,动
同,情
全,价
应,考
初,期
小,利
形,象
星,星
肉,丝,面
桶
一,桶
五,小
牛,肉,干
肉,干
一,个,四,十
快,下,班
莲,子
呼,哧
喘
直,取
口,口,声,声
声,声
嘿
彩
时,变
单,方
单,方,面
情,愿
走,人
接,关
怀
课
按,规,定
号,称
十,来,分
鉴,于
维,持
n,b
1,0,m
S,h,a,b,b,y
",",，,，,，
第,三,第,四
飞,红
红,花
锁,骨
迷,迷
迷,迷,糊,糊
迷,糊
鴨
確
對
主,题
偏,颇
总,体,而,言
欢
咸,鸭,蛋
钟,水,饺
汤,料
燃
粤,菜
牛,马
相
河
凤,爪
有,酸,味
泡,馍
踩,点
勾,魂
佐,料
买,饭
远,不,如
魏
夜
资,格
死,心
想,不,到
已,成
胡,椒,粉
不,善
混,沌
掏,空
放,大
放,大,镜
剪
特,制
吐,到
炎,炎
基,性
夾
发,麻
好,了,没
饭,前
商,量
漏,光
酱,紫
猴
西,二,旗
长,短
堆,积
吵,架
沱
车,子
8,4
时,间,段
西,安
皮,子
加,盟
加,盟,店
城,里
回,龙
回,龙,观
学,学
杭
订,好
不,公
公,平
协,调
水,盆
开,眼
c,a,o
唯,有
黑,毛
鼻,毛
扔,给
崔
联,系,电,话
棍
预,算
两,地
地,标
前,定
应,承
记
旗
广,场
西,瓜,汁
拿,给
增
黄,飞,鸿
飞,鸿
每,人
系,列
躲,过
四,喜
烤,麸
菜,系
秩
多,于
名,副,其,实
多,亏
零,食
华,科,技
科,技
科,技,园
车,箱
。,。,","
回,请
师,大
流,量
至,此
搭,理
电,商
知,会
家,用
轻,蔑
转,身
付,钱
忍,住
利,于
小,米,饭
作
甚
白,米,饭
玉
新,店
下,肚
温,度,差
走,离
丧,失
着,忙
第,三,个
看,漏
打,马,虎,眼
马,虎,眼
口,径
别,怪
逼,迫
刻,下
铺,下
求,商
复,电
狗,屎
住,店
早,些
疯,狂
奔,跑
;,","
威,胁
恐,吓
十,一,点,七
七,分
机,能
迟,早
玩,死
姗,姗
姗,姗,来,迟
牛,油
结,成
雇,佣
小,瓶
自,作
自,作,孽
作,孽
忽,略
忽,略,不,计
不,计
痛,苦
打,人
艰,辛
大,米,饭
适,度
F
U
务
C
K
时,长
1,6,9
心,要
一,大,堆
大,堆
连,声
误,导
＂
＂,，
""""
识,见
毫,无,疑,问
无,疑
疑,问
厌,吃
做,错,事
错,事
兔
大,石
大,石,头
猪,血
渝
肉,用
盒,盖
假,期
胖,子
面,请
晾
掉,牙
接,线
线,人
对,接
接,线,员
评,分
针,对
泰
府
伎,俩
后,用
一,通
←,，
,,
搞,不,懂
清,洁
清,洁,球
提,速
多,派
下,方
黄,字
较,之
大,洋
瞎,扯
废,墟
辣,椒,粉
有,劲
必,要,条,件
条,件
例,外
好,凶
发,现,自,己
蠢
O,r,z
适
骑,车
嫌,弃
未,接
先,去
真,大
当,差
不,该
天,会
第,三,天
三,天
共,五
头,骨
呕,吐,物
直,挺
服,务,行,业
多,遍
联,通
秘,书
秘,书,台
已,用
一,整,块
零,六
六,下
磕,个,头
排,除
排,除,万,难
万,难
应,为
两,点,钟
",",！,！,！,！,！
失,恋
本,机
”,）
智,能
机,器
德,福
痛,心
痛,心,疾,首
心,疾
首
会,意
意,淫
前,途
难,倒
黑,社,会
老,大
透,过
道,经
商
乡,巴,佬
收,银
收,银,员
银,员
小,妹
卤,鸡
脸,色
1,2,9
？,？,！,","
大,小,不,一
蛋,花,汤
花,汤
进,屋
娘,俩
市,里
出,新
新,品,种
试,吃
打,乱
压,坏
整,颗
毛,发
里,安
排,成
块,砖
砖,头
等,你,拿
明,码
明,码,标,价
线,呢
广
后,土
恼,火
令
！,！,！,！,！,！,！,！,！,！,！,！,！,！,！,！,！,！,！,！,！
计,有
直,开
开,机
通,畅
上,交
交,过
地,步
群,殴
椅,子
文,明
文,明,用,语
用,语
i
r,e,a,l,l,y
r,i
l,e
u,z,i
快,上
菜,汁
呀,呀
土,豆,块
找,回
光,收
】,。,。
姜,丝
郁,闷,死
闷,死
爷
打,翻
手,机,号,码
机,号,码
1,3,0,5,1,3,2,5,0,3,9
1,0,5
摆,在
公,道
好,脾,气
磨
控,制
腻,虫
成,排
非,下
员,工,素,质
虚,心
虚,心,接,受
半,夜
半,夜,三,更
侮,辱,性
语,言
黄,色,图,片
迟,早,会
敷,衍,搪,塞
搪,塞
说,辞
大,段
哪,次
直,转
小,秘,书
别,谈
呵
喊,到
让,路
路,口
如,初
抽,筋
停,电
压,出
压,出,来
2,5,0,m,l
多,彩
耐,性
多,毛
1,2,7
易
守
功
自,认
轻,易
承,受
默,默,地
会,理
管,到
难,搞
精,到
摧
借
女,鬼
凄,厉
多,餐
猪,脑
换,过
快,要
脱
几,步
北,科,大
科,大
错,开
菜,种
交,涉
有,名
出,饭
二,十,点
点,整
名,正,言,顺
全,部,打
t,n
临
课,前
评,等
撂
9,8
带,味
形,同
形,同,虚,设
虚,设
或,许
。,。,。,。,。,。,。,。
碎,料
许,多
走,下,坡
走,下,坡,路
下,坡
下,坡,路
坡,路
俞
一,度
别,搞
里,马
假,人
人,手,不,足
细,丝
妄
改,革
手,紧
换,车
节,约
胡,说,八,道
八,道
急,赶
赶,快
坚,硬
嗓,子,眼
物,证
保,留
压,根,儿
下,限
负,数
p,s
…,…,）
预,估
未,免
季,节
时,间,误,差
误,差
睡,着
梦
一,两,分
一,两,分,钟
顺,路
识,别
乌,鸡
乌,鸡,汤
暂,不
味,蕾
随
迅,捷
鉴,定
无,故
因,此
适,时
硬,结
面,黄
北,京,科,技,大,学
包,上
岂,止
内,定
动,不,动
上,中
T,M,2
笋,子
弄,不,好
伙,计
夫,妻
肺
纯,属
把,玩
s
毛,钱
三,趟
卖,肉
变,回
牛,肚
肚,里
油,流
没,辙
大,幅
促,销
驴,头
再,者
进,不,去
P,S
八,份
1,3,6
一,点,半,点
进,不,来
黄,花
黄,花,菜
十,四
十,四,分
长,久
1,0,0,0
多,米
奸,商
监,管
极,为
原,先
十,分,之,一
够,劲
偏,长
进,货
十,一,点,二
三,四,遍
四,遍
无,言
无,言,以,对
吸,收
难,以,忍,受
问,下
送,递
霸,道
吼,起,来
改,地
迂,腐
名,儿
贴,切
联
蹄,子
二,三
二,三,十
梅,干,菜
干,菜
带,出
出,点
发,晕
料,到
过,客
弄,脏
弄,脏,了
塑,化
塑,化,剂
化,剂
文,字
下,得
下,过
这,件
接,下
接,下,来
餐,食
略,过
规,划
路,径
狮
好,受
冲,天
水,军
气,味
知,春,里
猪,脚
短,期,内
期,内
紫,色
歉
有,关
汽,油
汽,油,味
费,钱
白,醋
小,气
操,守
此,生
付,有
經
「
斷
」
樣
对,付
螺,蛳
鸭,脚
眉,毛
正,如
桂,林
擅,自
自,点
碗,装
一,万,年
开,工
流,程
十
鸭,掌
绿,豆,汤
铁,定
砣
四,十,下
满,头
满,头,大,汗
大,汗
心,疼
螺,号
打,上
泼
大,不,一,样
羊,肉,汤
几,元
',，
羊,汤
肉,包
