的,1696
了,1447
很,1404
好,1202
好吃,896
不错,876
味道,719
也,553
送餐,525
快,418
速度,407
还,406
很快,385
吃,377
非常,371
送,352
就是,310
～,269
都,263
就,260
有点,244
我,233
是,228
辛苦,221
小哥,219
特别,190
服务,177
…,174
赞,170
快递,170
态度,169
不,168
给,164
包装,155
外卖,155
师傅,154
还是,154
挺,149
~,149
百度,147
一个,145
点,144
配送,140
没有,137
超级,137
骑士,136
啊,134
可以,128
粥,127
卷饼,125
喜欢,121
有,118
啦,117
好评,115
送到,113
大,112
谢谢,111
菜,105
量,104
饼,104
多,100
在,100
吧,95
没,93
太,93
到,92
肉,92
下次,91
煎饼,90
餐员,89
好喝,89
满意,88
和,85
不过,85
送货,81
但是,81
卷,81
时间,78
慢,77
人,76
感觉,76
又,75
说,74
再,74
准时,73
能,72
送来,72
挺好吃,68
足,67
员,67
口味,67
买,67
菜品,64
这么,63
哦,63
棒,62
实惠,62
及时,61
真的,61
小时,60
比,60
一般,60
东西,59
服务态度,59
肘子,59
而且,58
挺快,57
很棒,56
感谢,56
饭,54
一点,54
着,53
一直,53
来,53
不是,53
第一次,51
棒棒,51
这个,50
少,50
希望,50
方便,49
、,49
辣,48
这次,48
今天,47
其他,47
但,47
推荐,46
哒,46
超快,45
干净,44
很多,44
上,44
凉,43
以后,43
还好,43
呢,42
比较,42
分量,41
还会,41
要,41
一如既往,41
等,41
热,41
继续,40
得,40
力,39
个,39
小,38
南瓜,38
太慢,38
分钟,37
订,37
里,36
稍微,36
奶茶,36
更好,36
土豆丝,36
鸡肉,36
肉丝,35
晚,34
大哥,34
店家,34
皮蛋,34
天,33
牛肉,33
店里,33
用,33
虽然,33
便宜,33
时候,33
才,33
米饭,32
更,32
热情,32
会,32
他家,32
披萨,32
经常,31
腻,31
冷天,31
这,31
很大,31
有些,31
价格,31
也好,30
最,30
油,30
饭菜,30
一样,30
神速,30
里面,30
冷,29
美味,29
两个,29
很赞,29
把,29
太快,29
干,29
蔬菜,29
咸,29
完,28
真心,28
觉得,28
面,28
豆腐脑,28
每次,27
这家,27
人员,27
那么,27
让,27
给力,27
一次,27
好多,26
做,26
天气,25
超,25
容易,25
优惠,25
提前,25
喝,25
值得,25
好好,25
知道,25
行,25
定,24
真是,24
怎么,24
订餐,24
送过来,24
汤,24
贴心,24
一份,24
送达,24
如果,24
结果,24
够,23
实在,23
不够,23
去,23
餐,23
还有,23
商家,23
下单,22
不能,22
贵,22
土豆,22
硬,22
^,22
手套,22
饺子,22
豆浆,22
真,21
总体,21
呀,21
确实,21
宇宙,21
一些,21
瘦肉粥,21
要是,21
高大,21
多次,20
有点儿,20
跟,20
已经,20
一下,20
哈哈,20
鱼香肉丝,20
爱,20
可能,20
),20
20,19
口感,19
么,19
完美,19
饮料,19
.,19
支持,19
因为,19
淡,19
想,19
过,19
(,19
你,18
尖椒,18
负责,18
还行,18
早,18
酱,18
用心,18
京酱,18
相当,17
非常感谢,17
挺不错,17
那个,17
点赞,17
礼貌,17
送得,17
不好,17
些,17
超赞,17
第二次,17
10,17
只是,17
肥肉,17
难吃,17
放,17
量足,16
建议,16
地址,16
我们,16
辣椒,16
哈哈哈,16
必须,16
大赞,16
质量,16
不要,16
精致,16
中,16
什么,16
_,16
评价,16
想象,16
份量,15
很足,15
菜量,15
忘,15
简直,15
食物,15
可惜,15
五星,15
༵,15
购买,15
几次,15
帮,15
拌,15
超好,15
划算,15
新鲜,15
为什么,15
超值,15
香菇,15
大份,15
稻香村,15
上次,14
正宗,14
又快又好,14
大叔,14
家,14
下雨天,14
炒饭,14
一,14
从,14
个人,14
吗,14
不会,14
打电话,14
女生,14
来说,14
可是,14
卫生,14
电话,14
中份,14
自己,14
很香,13
半小时,13
赞赞赞,13
芝士,13
撒,13
出来,13
他,13
没想到,13
不了,13
套餐,13
起来,13
送错,13
备注,13
一碗,13
整体,13
太少,13
可乐,13
薄脆,13
霾,12
香,12
饿,12
个赞,12
迅速,12
习惯,12
1,12
真不错,12
拿,12
赞赞,12
预计,12
味,12
有点咸,12
以前,12
蘑菇,12
不太,12
油腻,12
吃不饱,12
的话,12
直接,12
2,11
卖家,11
两次,11
不到,11
找,11
写,11
送货员,11
豆腐,11
你们,11
外送,11
甜,11
注意,11
嗯,11
大雪,11
看,11
换,11
高,11
店,11
料,11
全是,11
应该,11
好像,11
那,11
联系,11
老板,11
:,11
好快,11
以为,11
锡纸,11
皮,11
30,11
油条,11
依然,10
选择,10
跑,10
现在,10
只有,10
小炒,10
蛮,10
好极了,10
大风,10
理解,10
⋯,10
努力,10
订单,10
还会来,10
适合,10
滴,10
问题,10
餐盒,10
鸡,10
周到,10
袋子,10
其它,10
略,10
发票,10
两份,10
最好,10
筷子,10
估计,10
下回,10
盖饭,10
木耳,10
果汁,10
...,10
太大,10
不好意思,10
长,10
下,10
带,10
点心,10
包子,10
东坡,10
小笼包,10
可口,9
微辣,9
麻辣,9
最后,9
品质,9
光顾,9
餐具,9
下午,9
终于,9
全,9
晚上,9
大家,9
谱,9
一定,9
太赞,9
客气,9
尤其,9
半个,9
可爱,9
对,9
性价比,9
洒,9
接受,9
字,9
热乎,9
合适,9
近,9
活动,9
沙拉,9
元,9
不腻,9
本来,9
5,9
加油,9
鸡翅,9
说好,9
厚,9
吃饱,9
不如,9
你家,9
纸袋,9
除了,9
打,9
多点,9
时,9
软,9
泡菜,9
凉面,9
抄手,9
好大,8
评论,8
越来越,8
这样,8
久,8
柠檬,8
太好了,8
靠,8
忘记,8
哟,8
每天,8
昨天,8
尝尝,8
烤,8
烫,8
惊喜,8
热乎乎,8
耐心,8
地方,8
正,8
为啥,8
刚刚,8
请,8
排骨,8
别的,8
饭量,8
吃不完,8
一起,8
还来,8
我点,8
太多,8
快点,8
鸡腿,8
到位,8
好久,8
份,8
客服,8
青椒,8
凉拌,8
远,8
清淡,8
选,8
地,8
中午,8
收到,8
速度慢,8
一个多,8
撑,8
之前,8
▽,8
之后,8
送饭,8
弄,8
包,8
放心,8
到家,8
汤包,8
是不是,7
香锅,7
出,7
青笋,7
样子,7
连,7
差点,7
老,7
快速,7
漏,7
变成,7
感动,7
蛋糕,7
加,7
认真,7
派送,7
雾,7
几乎,7
一杯,7
几天,7
太给力,7
记得,7
不用,7
下雨,7
还给,7
水,7
作为,7
小伙,7
还要,7
十个,7
一家,7
盒,7
满减,7
重要,7
正好,7
看到,7
够快,7
配菜,7
哈,7
装,7
可,7
所以,7
稍,7
尝试,7
同事,7
抱歉,7
酱香,7
鸡腿肉,7
开始,7
一次性,7
距离,7
下楼,7
11,7
太棒了,7
倒,7
饱,7
外送员,7
点儿,7
居然,7
像,7
块,7
偏甜,7
好慢,7
分,7
王老吉,7
专业,7
孩子,7
羹,7
黄太吉,7
眉州,7
餐厅,6
这种,6
附近,6
咸了,6
入味,6
物美价廉,6
他们,6
麻烦,6
五分,6
朋友,6
天天,6
帮忙,6
外面,6
家里,6
哪,6
十分,6
包菜,6
在家,6
一级,6
碗,6
哥们,6
还点,6
不辣,6
一盒,6
只,6
细心,6
搞,6
）,6
当,6
热腾腾,6
太小,6
冒,6
算,6
出门,6
黄瓜,6
醋,6
热干面,6
100,6
品尝,6
量少,6
分开,6
坨,6
钱,6
牛,6
薯条,6
瘦肉,6
肉多,6
确认,6
健康,6
太淡,6
3,6
原因,6
很值,6
依旧,6
⊙,6
纸包,6
加点,6
太咸,6
小菜,6
很饱,6
首选,6
手,6
后,6
小贵,6
别,6
用料,6
哎,6
哥,6
绝对,6
过来,6
原来,6
门口,6
单,6
馒头,6
特意,6
鸡丁,6
炸,6
豆角,6
花卷,6
大虾,6
垃圾,6
肉松,6
鸡柳,6
煎饼果子,6
们,5
大雾,5
内容,5
碎,5
这么晚,5
工作,5
您,5
盒子,5
不太好,5
酸菜,5
酸,5
辣味,5
良心,5
布丁,5
名字,5
快乐,5
表扬,5
开心,5
珍珠,5
任,5
明天,5
还会点,5
提示,5
谁,5
特,5
32,5
着急,5
坏,5
呦,5
温馨,5
很少,5
三个,5
保持,5
配,5
提高,5
我要,5
价格便宜,5
看着,5
汤汁,5
认真负责,5
俩,5
：,5
鸡蛋,5
用餐,5
大小,5
太油,5
北京,5
15,5
基本,5
风,5
预定,5
家乡,5
怕,5
牛肉面,5
刚好,5
焖,5
地道,5
手机,5
打包,5
赠送,5
被,5
竟然,5
我定,5
只能,5
拌面,5
服务到位,5
勺子,5
敬业,5
肉卷,5
肥,5
试试,5
经济,5
不行,5
大号,5
暖,5
男生,5
牛皮纸,5
∠,5
薄,5
加热,5
将,5
素,5
面皮,5
好辣,5
豆芽,5
袋,5
没法,5
锡,5
块钱,5
比较慢,5
酱汁,5
问,5
超棒,5
早点,5
偏淡,5
醉,5
根本,5
期待,5
肯定,5
催,5
4,5
味儿,5
不然,5
按时,5
啥,5
足够,5
主要,5
点个,5
pizza,5
特色,5
羊肉,5
羊杂,5
儿子,5
馅饼,5
其实,5
四季豆,5
香菜,5
递给,4
够吃,4
水煮,4
炖,4
合口味,4
猪蹄,4
最近,4
炒,4
寒冷,4
本人,4
经典,4
没什么,4
公司,4
走,4
提醒,4
太甜,4
力度,4
十分钟,4
大姐,4
零钱,4
特别感谢,4
新,4
叫,4
大爱,4
愉快,4
丸子,4
很嫩,4
呵呵,4
炒菜,4
宫保鸡,4
几个,4
需求,4
这大,4
服务周到,4
盐,4
一流,4
大大的,4
挺大,4
午餐,4
到达,4
马上,4
很帅,4
需,4
送菜,4
很辣,4
很正,4
佳,4
果断,4
支付,4
下面,4
8,4
抓,4
大热天,4
小哥儿,4
土豆泥,4
原味,4
冒雨,4
当然,4
稍稍,4
下雪天,4
包装袋,4
说实话,4
中号,4
纯素,4
已,4
锡箔纸,4
不惯,4
补送,4
40,4
道歉,4
点过,4
一个半,4
→,4
对不起,4
明明,4
再接再厉,4
12,4
舒服,4
❤,4
一般般,4
二十分钟,4
送晚,4
能量,4
满分,4
严实,4
胃口,4
各种,4
难,4
不贵,4
太晚,4
饿死,4
较,4
不吃,4
nice,4
或者,4
需要,4
辣酱,4
由于,4
妈妈,4
餐慢,4
*,4
吃饭,4
加强,4
喔,4
并,4
第二,4
十二点,4
十点,4
太久,4
果然,4
平时,4
夹,4
另外,4
才能,4
饭盒,4
\,4
≧,4
≦,4
/,4
很脆,4
点餐,4
馅,4
一会儿,4
煸,4
食品,4
糕点,4
哈哈哈哈,4
青城,4
站点,4
写错,4
拉面,4
老字号,4
办法,4
沙拉酱,4
脆,4
水果,4
鸡丝,4
红油,4
不脆,4
薏米,4
藕,4
送水,3
快捷,3
五个,3
7,3
为了,3
电梯,3
儿,3
湖南,3
真快,3
骑手,3
刚,3
红红火火,3
订购,3
9,3
大满贯,3
人好,3
之一,3
岩盐,3
绿茶,3
嘿嘿,3
小丸子,3
吸管,3
可可,3
与,3
区别,3
我家,3
上班,3
两趟,3
红豆,3
全都,3
湿,3
所有,3
外,3
高兴,3
意外,3
准时到达,3
唯一,3
错,3
圆,3
很浓,3
好少,3
效率,3
幸好,3
要求,3
满足,3
丁,3
茄子,3
正合适,3
真棒,3
无法,3
只不过,3
拥有,3
黄焖,3
谢谢您,3
咖啡,3
哥哥,3
几分钟,3
三遍,3
价钱,3
看见,3
花,3
同时,3
肥牛,3
超高,3
OK,3
楼下,3
等待,3
飞,3
快快,3
十足,3
肥肠,3
全部,3
老公,3
那种,3
45,3
过瘾,3
温暖,3
豆皮,3
另,3
巨快,3
面条,3
个别,3
亲自,3
预期,3
极快,3
却,3
在线,3
唉,3
正常,3
妈,3
两天,3
一块,3
有人,3
肯德基,3
不知,3
猪肉,3
咯,3
急,3
开发票,3
前来,3
尝,3
纸巾,3
丰富,3
不想,3
失望,3
小点,3
洋葱,3
没熟,3
几口,3
头发,3
霸气,3
八宝菜,3
大肉,3
有待,3
略慢,3
没关系,3
叔叔,3
」,3
家常,3
诶,3
一根,3
人大,3
送上来,3
小小,3
撑死,3
好棒,3
太帅,3
嘛,3
值,3
再也,3
不定,3
为,3
餐巾纸,3
嚼,3
,3
提升,3
强大,3
o,3
不爱,3
反正,3
多一点,3
坚持,3
拿到,3
加快,3
很小,3
第三次,3
木有,3
客户,3
取,3
四十分钟,3
加班,3
不少,3
停不下来,3
无,3
实体店,3
差,3
光临,3
找到,3
改成,3
三种,3
心里,3
达,3
头,3
第二天,3
拉肚子,3
出乎意料,3
额,3
外包装,3
不敢,3
图片,3
通知,3
不怎么,3
多些,3
嗒,3
香味,3
秒,3
听说,3
美,3
创意,3
恶心,3
学校,3
不通,3
生,3
缺点,3
离,3
-,3
劲,3
辣椒酱,3
点多,3
极好,3
甜味,3
球,3
仔细,3
阿,3
口味重,3
代金券,3
50,3
保温,3
瓶,3
懂,3
赶紧,3
准,3
果真,3
甜面酱,3
飘香,3
一点儿,3
不得不,3
卖,3
good,3
一切,3
不值,3
关键,3
嘻嘻,3
再点,3
少送,3
凉菜,3
再次,3
蒜,3
准备,3
（,3
馅料,3
省事,3
鱿鱼,3
金枪鱼,3
一句,3
饺子馅,3
一人,3
粘,3
美食,3
住,3
超过,3
很鲜,3
没吃过,3
两三个,3
最爱,3
多谢,3
萌萌,3
改进,3
酸辣汤,3
堂食,3
尺寸,3
最棒,3
比萨,3
取消,3
放在,3
系统,3
也许,3
醋溜,3
木须,3
阿田,3
片,3
萝卜,3
留言,3
牛蛙,3
小伙子,3
撕,3
和善,3
礼物,3
粉丝,3
陀,3
前,3
没电,3
月,3
早餐,3
橙汁,3
之间,3
大雨,3
换成,3
回来,3
粽子,3
大拌,3
胃,3
谢谢你们,2
挺辣,2
家门,2
好极,2
速递,2
土豆片,2
填错,2
一趟,2
表现,2
鲜嫩,2
恰到好处,2
爬楼梯,2
一大,2
鱼,2
13,2
腔骨,2
见,2
女友,2
红烧肉,2
软点,2
员人,2
配送费,2
就定,2
点半,2
天真,2
曲奇,2
冬天,2
半糖,2
味好,2
必点,2
每周,2
多分钟,2
比美,2
不甜,2
|,2
身体,2
口罩,2
热饮,2
封口,2
可好,2
进步,2
几杯,2
三次,2
雨,2
小伙儿,2
齐全,2
有效率,2
优惠活动,2
赶上,2
❀,2
⚘,2
道,2
宝宝,2
享受,2
—,2
v,2
没撒,2
本次,2
还定,2
不太够,2
两碗,2
老人,2
越来越少,2
江山,2
城,2
烤鸭,2
用手,2
到手,2
拿来,2
全家,2
四个,2
毛血旺,2
一塌糊涂,2
吉野家,2
火箭,2
飞速,2
有所,2
升级,2
酥,2
多一些,2
非要,2
以上,2
回锅肉,2
特价,2
事情,2
满,2
好点,2
噢,2
偏硬,2
离得,2
对于,2
什锦,2
棒呆,2
好帅,2
口,2
足足,2
帅气,2
=,2
补,2
多订,2
米,2
下饭,2
功能,2
白菜,2
青菜,2
少放点,2
寒冬,2
大白菜,2
扫,2
隔,2
油大,2
绿色,2
送个,2
哪个,2
极了,2
25,2
肉末,2
卤蛋,2
调料,2
汁,2
特快,2
严寒,2
一万个,2
不多,2
牛杂,2
湖北,2
花生,2
点菜,2
好香,2
汤面,2
重,2
汤洒,2
烂,2
小吃,2
单位,2
自送,2
碱面,2
只用,2
小心,2
面好,2
满星,2
类似,2
错误,2
只点,2
差别,2
酒酿,2
汤圆,2
保证,2
温度,2
配餐,2
按,2
顶,2
新款,2
炸鸡,2
番茄酱,2
kfc,2
左右,2
不太爱,2
偏咸,2
准确,2
一百个,2
酱料,2
下雪,2
>,2
<,2
不算,2
复杂,2
方面,2
紫菜,2
盒饭,2
菜少,2
喝完,2
辣白菜,2
改善,2
就要,2
精美,2
钢丝,2
丝,2
连续,2
肚子,2
奇怪,2
稍慢,2
薄点,2
熟,2
售后,2
好不好,2
关注,2
一个月,2
料足,2
三义,2
点点,2
没多久,2
稠,2
纯肉,2
......,2
较慢,2
有點,2
这是,2
组合,2
环保,2
重新,2
刚才,2
追加,2
这里,2
拿出,2
怪,2
下着雨,2
传说,2
缘故,2
菜太少,2
肉太多,2
死,2
17,2
惊呆,2
抱,2
照片,2
️,2
酱太多,2
太重,2
打开,2
发现,2
味美,2
文艺,2
早早,2
勉强,2
.....,2
要么,2
非常适合,2
喜感,2
满满的,2
肉片,2
筋道,2
满满,2
少点,2
肉少,2
精细,2
夹生,2
半份,2
完才,2
皮儿,2
次,2
语,2
号,2
超多,2
积极,2
解决,2
不太对,2
微贵,2
地儿,2
快些,2
偏,2
北方,2
出去,2
卷里,2
顺便,2
等到,2
手里,2
大老远,2
无语,2
挺足,2
天使,2
掉,2
早到,2
对方,2
大卷,2
疯,2
....,2
充足,2
普通,2
太早,2
工作人员,2
宇宙速度,2
太饱,2
难道,2
没放,2
爽,2
←,2
向,2
不说,2
很漂亮,2
女,2
汉子,2
卷肉,2
嘎嘎,2
信号,2
发送,2
西红柿,2
哭,2
神,2
太贵,2
品牌,2
无敌,2
多加,2
加辣,2
帅,2
严密,2
下班,2
担心,2
至少,2
专门,2
郁闷,2
大量,2
尼玛,2
四块,2
香甜,2
发货,2
肉夹馍,2
成本,2
纸包装,2
太太,2
机会,2
不大,2
整个,2
多少,2
这些,2
咸菜,2
推,2
“,2
总是,2
一日,2
”,2
早就,2
做好,2
晚饭,2
可口可乐,2
手动,2
油少,2
用来,2
加餐,2
之外,2
#,2
常客,2
总的来说,2
新颖,2
；,2
发挥,2
宝贝,2
π,2
80,2
按照,2
搭配,2
高量,2
男人,2
见到,2
店面,2
逼,2
清楚,2
潜力股,2
夏天,2
咽下去,2
价格合理,2
没送,2
破,2
立马,2
减,2
快到,2
餐到,2
一半,2
正餐,2
趴,2
咬不动,2
有时候,2
very,2
第,2
美好,2
迟,2
一个劲,2
没迟,2
提,2
看起来,2
品种,2
貌似,2
没得说,2
糊味,2
送成,2
价位,2
妹子,2
一只,2
糊弄,2
幸苦,2
改,2
晚点,2
考虑,2
慎点,2
呲,2
灰常,2
卧槽,2
放糖,2
添加,2
越,2
再烂些,2
ok,2
色香味,2
俱全,2
真正,2
补上,2
我订,2
单点,2
扎实,2
不错呀,2
毕竟,2
怪怪的,2
肉太少,2
买过,2
运费,2
饭点,2
完全,2
火烧,2
影响,2
香脆,2
翅,2
薯蓉,2
过火,2
支付宝,2
奥尔良,2
还成,2
恍恍惚惚,2
培根,2
个头,2
热气腾腾,2
太棒,2
每个,2
祝您,2
恶劣,2
后来,2
皮薄,2
回家路上,2
热气,2
咋,2
三鲜,2
埋怨,2
饭馆,2
赔付,2
费,2
评语,2
恭喜,2
多天,2
诚实,2
守信,2
哪里,2
太忙,2
小黄鱼,2
贴饼子,2
玩意,2
风味,2
煮肉,2
标明,2
胡萝卜,2
宫爆鸡丁,2
自然,2
张,2
这位,2
餐员超,2
不愧,2
坚持下去,2
煮,2
信赖,2
幸亏,2
中盘,2
手工,2
小时候,2
不同,2
友好,2
凑,2
非得,2
先生,2
烧卖,2
今天天气,2
酱油,2
祝福,2
一分,2
细致,2
方便快捷,2
尽职,2
不用说,2
抱怨,2
边,2
小弟,2
高峰,2
顾客,2
底,2
为何,2
生病,2
类,2
成功,2
总之,2
过节,2
这回,2
在意,2
然后,2
不止一次,2
双,2
没话说,2
好次,2
干锅,2
虾,2
很爽,2
づ,2
｡,2
◕,2
‿,2
卷子,2
牛腩,2
卤,2
温,2
排队,2
哼,2
ᐛ,2
＿,2
粉,2
姐姐,2
产品,2
爸妈,2
十几分钟,2
付款,2
弄错,2
黄家,2
29,2
拌素,2
事儿,2
回购,2
后面,2
及第,2
太极,2
没吃够,2
改良,2
浓郁,2
大众,2
水平,2
柳,2
ω,2
再赞,2
电动车,2
非,2
于是,2
软软,2
能否,2
一小,2
分店,2
店员,2
使用,2
齁,2
豆瓣酱,2
望京,2
分别,2
传统,2
略贵,2
现场,2
送餐费,2
盛,2
送单,2
一分钟,2
出现,2
效率高,2
葱花饼,2
油太大,2
饭店,2
面量,2
小朋友,2
太高,2
梅州,2
坛,2
食,2
主动,2
下去,2
湄州,2
✪,2
金银,2
蘸,2
马盏,2
糕,2
•,2
葱油,2
云吞,2
馄饨,2
鲜肉,2
盐水鸭,2
五花肉,2
石锅,2
卤肉饭,2
ฅ,2
￣,2
手抖,1
格外,1
经过,1
五分钟,1
接单,1
特大,1
总点,1
多够,1
一盆,1
开玩笑,1
点小份,1
红薯,1
太烂,1
太麻,1
愿意,1
肉质,1
投奔,1
六楼,1
菜场,1
正点,1
异味,1
锅底,1
墨鱼,1
丸,1
有股,1
臭味,1
平菇,1
放太多,1
锅仔,1
夸,1
过年,1
期间,1
够味儿,1
豆腐皮,1
大海,1
椒,1
坦白讲,1
鸭头,1
空心菜,1
饭太少,1
挺准,1
对路,1
不太熟悉,1
迷恋,1
金桔,1
柠檬茶,1
贼,1
仍,1
敬业精神,1
真不容易,1
好几年,1
茶类,1
冰饮,1
员赞,1
超大,1
杯,1
忙,1
别忘,1
亲,1
十万个,1
每单,1
元旦节,1
小子,1
盐岩,1
爱喝,1
养乐多,1
超帅,1
每,1
买冰沙,1
团,1
情况,1
下点,1
对不住,1
芋圆,1
出款,1
浓情,1
岩岩,1
发给,1
太不容易,1
两种,1
大杯,1
中杯,1
隔三差五,1
两杯,1
最牛,1
x,1
菠萝,1
冻过,1
冰冻,1
老点,1
態度,1
一周,1
四次,1
最爱手,1
榨,1
绿,1
破损,1
谢,1
提神醒脑,1
白,1
换口味,1
最给力,1
今晚,1
作死点,1
无糖,1
好酸,1
友情,1
减肥,1
点半糖,1
控,1
今儿,1
她们,1
赞不绝口,1
陈,1
上面,1
餐员大,1
员给力,1
真暖心,1
再大些,1
手滑点,1
成冰,1
悲剧,1
更改,1
杯型,1
餐员特,1
说话,1
飞过来,1
礼品,1
饮品,1
有外,1
热心,1
吸吸,1
冻,1
钥匙,1
安慰,1
不足,1
莫名,1
失败,1
喝不惯,1
长得帅,1
超给力,1
单时,1
捎,1
好开心,1
杯子,1
最大,1
饶,1
大半个,1
圈,1
快態度,1
弹珠,1
和芋,1
珍珠奶茶,1
好大杯,1
吓死,1
灰常好,1
逗,1
足不出户,1
清凉,1
女儿,1
赞滴,1
少年,1
带够,1
灵活,1
冰爽,1
多年,1
雨天,1
多定,1
辣子鸡,1
足哈,1
两双,1
有求必应,1
烫烫,1
日子,1
爽快,1
六,1
千叶,1
咸淡,1
几颗,1
山楂,1
高效,1
讲究,1
私房,1
必要,1
很多年,1
拔丝,1
山药,1
一袋,1
力会,1
太配,1
酸辣,1
效果,1
知足,1
辣度,1
比眉州,1
更高,1
荷兰豆,1
甜甜的,1
尽责,1
饭少,1
zz,1
鞋,1
鸡里,1
放点,1
da,1
女朋友,1
鸡汤,1
咸死,1
入,1
囗,1
撒得,1
三盒,1
四盒,1
排骨饭,1
鸡饭,1
吃不下,1
骨头,1
卡,1
不太多,1
饭饭,1
对川人,1
坐,1
负责人,1
榨菜,1
速溶,1
干嘛,1
软硬,1
少见,1
香干,1
萝卜干,1
每份,1
饭到,1
这饭,1
减时,1
coffee,1
产品质量,1
小店,1
双拼,1
参合,1
不大好,1
入口,1
王昭晖,1
还够,1
郭,1
速冲,1
捡了个,1
食量,1
妹纸,1
超有,1
煎成,1
形状,1
排会,1
不慢,1
无意,1
白度,1
饭品,1
色拉,1
颜色,1
口香,1
优谷,1
打广告,1
菜色,1
正式,1
军姿,1
取餐,1
双手,1
端饭,1
送给,1
祝,1
一双,1
墨镜,1
透着,1
汁少,1
太值,1
空运,1
超酷,1
好事,1
少发,1
体贴,1
没见,1
常订,1
多多关照,1
道菜,1
大过年,1
湘菜,1
元旦,1
刀功,1
细,1
较长,1
端的,1
一手,1
刀,1
猪手,1
可说,1
大肠,1
比不上,1
当地,1
湖南人,1
菜油,1
擂椒,1
荷包蛋,1
不得了,1
懒得,1
炝,1
还省,1
光光,1
喽,1
一天,1
菜味佳,1
浓,1
紫苏,1
烧椒,1
发酸,1
莴笋,1
烟笋,1
黑色,1
请问,1
菜名,1
砂锅,1
湖南菜,1
腊,1
襄阳,1
酸豆角,1
少个,1
鹌鹑,1
好怪,1
太爱,1
定过,1
哥好,1
秒速,1
聪明,1
吃掉,1
大厅,1
新年,1
第一天,1
贵点,1
收钱,1
人必,1
餐员点,1
口淡,1
花生米,1
菠菜,1
美团,1
听闻,1
配汤,1
不加,1
葱花,1
冒雪,1
APP,1
送清,1
至,1
口香糖,1
台太便,1
房间,1
爬楼,1
一旦,1
别无所求,1
海带丝,1
果冻,1
推广,1
每家店,1
想念,1
面和汤,1
米酒,1
不太甜,1
很软,1
海带,1
豆干收,1
塑料袋,1
省,1
好多钱,1
无所谓,1
这送餐,1
员取,1
不出,1
真香,1
上火,1
吃太辣,1
泡发,1
面里,1
没加,1
行程,1
面不坨,1
tuo,1
行踪,1
选错,1
',1
偷吃,1
勿要,1
再犯,1
低级,1
粉儿,1
杂面,1
毛线,1
好闲,1
老家,1
面和粉,1
豆干,1
朴实,1
手法,1
生疏,1
蛋花,1
偏辣,1
说面,1
大冷,1
天儿,1
三口,1
堡里,1
酱流,1
除此以外,1
堡,1
体验,1
阿邦,1
半年,1
鸡米,1
不及,1
松软,1
炸得,1
太狠,1
略微,1
乐,1
之内,1
凑合,1
圣代,1
订过,1
吮,1
指,1
鸡盒,1
腌,1
透,1
歺,1
中规中矩,1
飞快,1
点火,1
员工,1
卷刚,1
挺赞,1
预想,1
个人感觉,1
一股,1
久久,1
萦绕,1
散,1
肉食,1
盛宴,1
一向,1
太辣,1
吐,1
太肚,1
调和,1
app,1
诚意,1
压,1
瓷实,1
非常高兴,1
天多,1
有益,1
剩下,1
黑胡椒,1
加多,1
注意安全,1
贵哈,1
路滑,1
﹏,1
炒肉,1
油太多,1
难过,1
压力,1
韩国,1
快餐店,1
包饭,1
筋斗,1
夹料,1
完整,1
香香,1
改改,1
外裹,1
球上,1
换卷,1
自信,1
特多,1
太稠,1
吃进,1
呜呜,1
烤熟,1
务必,1
涨工资,1
叶良晨,1
网络,1
看多,1
幼稚,1
儿童,1
一枚,1
肉多饼,1
不管,1
起码,1
庙用,1
状况,1
子,1
拼图,1
历时,1
总言,1
之,1
超慢,1
后悔,1
门店,1
二十,1
差一点,1
饿肚子,1
只放,1
中小,1
优惠价格,1
养成,1
家订,1
魚,1
香油,1
收拾,1
太长,1
粘牙,1
-----,1
1.5,1
公里,1
来回,1
韧性,1
美女,1
加新菜,1
写成,1
庙,1
先,1
查收,1
几分,1
误解,1
算是,1
加速,1
失误,1
熏肉,1
很全,1
炖烂,1
劲儿,1
不看,1
帮别人,1
小辣,1
会太少,1
试试看,1
白粥,1
总爱点,1
工作餐,1
淡淡的,1
男同学,1
光,1
是因为,1
猪,1
肘,1
处理,1
部分,1
不太爽,1
千万,1
坑,1
那样,1
刚付,1
完钱,1
十五分钟,1
营养,1
一会,1
吃凉,1
当初,1
采纳,1
微咸,1
心意,1
好比,1
嘉,1
一品,1
传,1
很酷,1
高级,1
多弄点,1
个额,1
葱,1
提提,1
高峰期,1
范,1
多放些,1
不至于,1
占,1
水准,1
放些,1
肉块,1
达达,1
在乎,1
意见,1
中陷,1
盐放少,1
认路,1
太难,1
太腥,1
纯,1
不顶,1
早近,1
.......,1
若能,1
漂亮,1
加肉,1
办公室,1
盖,1
领导,1
略带,1
小卷,1
稀,1
蛋疼,1
就是说,1
略太甜,1
很慢,1
大火,1
真实,1
太厚,1
长点,1
挣钱,1
皮厚,1
多长时间,1
威武,1
再配,1
就行了,1
真够,1
乌龙,1
事件,1
未来,1
午饭,1
交给,1
同,1
五道口,1
去年,1
天热,1
真足,1
店铺,1
中分,1
不咸,1
厚点,1
男朋友,1
超足,1
太香,1
嘴唇,1
裂,1
加些,1
赶时间,1
没菜,1
120,1
从来,1
餐饮,1
一楼,1
送上门,1
提个,1
20cm,1
见方,1
肥而,1
活过来,1
用锡,1
师父,1
那句话,1
吃不出来,1
拍照,1
一盘,1
京,1
一如,1
继往,1
真真,1
歉意,1
帅爆,1
赛晓明,1
超霆锋,1
周末,1
值班,1
没糖,1
麦香,1
好量,1
传递,1
下巴,1
发硬,1
一看,1
年轻人,1
青春,1
集中,1
底部,1
更佳,1
第一个,1
太差,1
领取,1
态度恶劣,1
挂,1
中快,1
包裹,1
评晚,1
巨,1
臭臭,1
股怪,1
鲜美,1
再大点,1
晕,1
亟待,1
二次,1
消费,1
的确,1
闻,1
嘴,1
喇破,1
流血,1
笑,1
发誓,1
拜拜,1
[,1
穿着,1
雨衣,1
淋湿,1
怨言,1
供参考,1
美味可口,1
总买,1
甜点,1
电梯间,1
短信,1
炒鸡蛋,1
受到好评,1
一片,1
早定,1
骑着,1
毛驴,1
菜叶,1
真让人,1
老人家,1
相互理解,1
吹风,1
碰上,1
甜酱,1
低价,1
改天,1
开,1
太饿,1
如何,1
同样,1
人们,1
致敬,1
高度评价,1
搭个,1
停机,1
餐太迟,1
托,1
同学,1
带上来,1
急急忙忙,1
卷料,1
粥量,1
挺棒,1
豆子,1
股豆,1
切,1
成片,1
表示,1
微波炉,1
太吊,1
150,1
不敢恭维,1
周日,1
刚订,1
包装盒,1
方,1
太大份,1
咯牙,1
多味,1
上楼,1
包住,1
还配,1
疲倦,1
各行各业,1
国家,1
何时能,1
共同富裕,1
等级,1
差距,1
悬殊,1
好吃懒做,1
贪污受贿,1
穷凶恶极,1
位居,1
高位,1
人民代表,1
代表,1
人民,1
底层,1
社会,1
真相,1
毫不,1
知情,1
太远,1
令人,1
还会订,1
改送餐,1
纪录,1
汗,1
中午饭,1
更何况,1
慢点儿,1
错峰订,1
从简,1
快死了,1
要死,1
犹豫,1
侥幸,1
赌,1
运气,1
成分,1
试着,1
不许,1
汁水,1
大约,1
大胃,1
各,1
老订,1
只花,1
餐品,1
玩,1
情有可原,1
袖珍,1
外婆家,1
最起码,1
肉太多肥,1
最赞,1
几块钱,1
标价,1
明显,1
肯能,1
结论,1
微甜,1
有种,1
吃个,1
哼哼哈哈,1
停,1
门外,1
进,1
北医,1
校门,1
别用,1
铝箔,1
够慢,1
总,1
出餐,1
比饼,1
皮能,1
订大份,1
催单,1
没用,1
楼上,1
变小,1
不太熟,1
文质彬彬,1
拯救,1
赌气,1
忍不住,1
一口,1
活,1
带点,1
菜汤,1
虚,1
差点儿,1
比拌,1
远点,1
55,1
家常饭,1
NextDay,1
浮生若梦,1
恋恋,1
风尘,1
人生,1
端午,1
长时间,1
纠结,1
但算上,1
放着,1
塑料,1
加多宝,1
太硬,1
配备,1
酱少放,1
不锈钢丝,1
重点,1
餐太快,1
10000000000000,1
然而,1
赶回来,1
多来,1
11.30,1
多肉,1
还发,1
朋友圈,1
胖,1
综合,1
点少,1
没尝,1
点半送,1
啊啊啊,1
这人,1
星,1
想着,1
大份会,1
瘦,1
个京酱,1
每种,1
荤素,1
比例,1
一滴,1
汇源,1
怎,1
苦汁,1
小块,1
会多订,1
份卷,1
预约,1
四十多分钟,1
餐晚,1
首次,1
肉切,1
大饼,1
不是太好,1
厚面,1
烙饼,1
胡椒,1
放多,1
偏重,1
新来,1
地形,1
漏发,1
补发,1
琢磨,1
蒜泥,1
第四天,1
过程,1
茬,1
洋气,1
六块,1
不太值,1
第一家,1
我选,1
小腿,1
肌肉,1
发达,1
一元,1
高端,1
味道鲜美,1
家饭,1
经验,1
汤品,1
两单,1
单慢,1
不大够,1
名称,1
加上,1
原价,1
叶子,1
土豆条,1
筋,1
找不着,1
单论,1
单品,1
方向感,1
稳定,1
十一点多,1
多才,1
我天,1
半下,1
半才,1
艾玛,1
卷略,1
略有,1
还算,1
卷瓶,1
不合理,1
B,1
格,1
种类,1
沟通,1
四秒钟,1
少肉,1
全洒,1
太俗,1
微微,1
挺好玩,1
短,1
没立,1
令人吃惊,1
没响,1
补单,1
挺值,1
中型,1
巨大,1
热着,1
还用,1
铝,1
腥,1
EMS,1
假,1
到处,1
流油,1
剥,1
问问,1
八宝,1
茶,1
肉皮,1
正规,1
门,1
有品,1
里边,1
标记,1
裤子,1
TAT,1
这份,1
不快,1
肉丁,1
青,1
卖光,1
来时,1
正在,1
上课,1
下课后,1
我换,1
事,1
够值,1
一百分,1
九点,1
加送,1
点当,1
主食,1
刚咬头,1
两口,1
牙口,1
很早以前,1
眼前一亮,1
顿时,1
逼格,1
档次,1
摊,1
骗,1
有慢,1
肉量,1
附送,1
我全,1
挑出来,1
像是,1
相,1
沉醉,1
餐哥,1
迈着,1
碎步,1
一阵风,1
一脸,1
我心,1
融化,1
high,1
上市,1
第三,1
辣点,1
辣辣辣,1
辣嘛,1
卖点,1
起,1
很难,1
进来,1
桌子,1
放下,1
离开,1
物有所值,1
越来越快,1
切碎,1
咬,1
立减,1
二十元,1
价,1
极其,1
接电话,1
长胖,1
稍晚,1
用券,1
淡淡,1
就算,1
餐馆,1
直线,1
中间,1
障碍物,1
装餐,1
纸袋子,1
不靠,1
辛勤,1
餐者,1
鱼香,1
吃够,1
协商,1
离着,1
自取,1
相对而言,1
漏出来,1
能配,1
上点,1
腌菜,1
标出来,1
我加,1
凉凉的,1
一点点,1
38,1
量大卷,1
粗壮,1
留汤儿,1
记忆,1
一种,1
肉太柴,1
送得慢,1
一兩點定,1
一個,1
多小時,1
不過,1
不錯,1
包裝,1
起來,1
貼心,1
卷餅,1
不合,1
太薄,1
会包,1
不住,1
《,1
选京酱,1
差错,1
卷儿,1
鸡皮,1
去掉,1
舍不得,1
拆开,1
沙尘暴,1
折腾,1
遗憾,1
几回,1
必将,1
n,1
接到,1
本单,1
由,1
提供,1
售后服务,1
偏多,1
之类,1
推推,1
洋葱味,1
多一点儿,1
有史以来,1
决定,1
这卷,1
耶,1
这下,1
强烈要求,1
加薪,1
看得出来,1
漏油,1
力荐,1
没开,1
淡点,1
咸点,1
太特,1
偏高,1
吃得饱,1
强烈建议,1
第一口,1
太过分,1
中好,1
成大份,1
餐快,1
极力推荐,1
小美女,1
相当于,1
粮食,1
绿叶,1
符合,1
名号,1
摄入,1
上心,1
减去,1
家住,1
六层,1
爬上来,1
家门口,1
安全,1
冲淡,1
气,1
吃法,1
尴尬,1
油腻感,1
措施,1
四川,1
不减,1
很萌,1
两边,1
裂开,1
肉肉,1
最快,1
弄重,1
害,1
整洁,1
免,1
再减,1
低于,1
挽救,1
饿坏,1
..,1
货真,1
价值,1
点订,1
这一单,1
驴肉,1
尝一尝,1
差不多,1
招牌,1
一颗,1
肉虫,1
进去,1
洗菜,1
美观,1
再要,1
新奥尔良,1
似的,1
榴莲,1
常定,1
还放,1
菠萝派,1
薯格,1
温温的,1
杏鲍菇,1
肠坑,1
肠,1
挚爱,1
马铃薯,1
密酱,1
量够,1
香肠,1
换换,1
批萨,1
香炸,1
经历,1
一万,1
这要,1
着重,1
不但,1
还特,1
小度,1
何厚铧,1
棒极了,1
给些,1
说错,1
美式,1
密肉,1
鲜榨,1
鲜香,1
超級,1
還要,1
這家,1
外賣,1
必胜客,1
焗,1
深得我心,1
太坑,1
小腿肉,1
爆,1
冰花,1
老客户,1
料包,1
出台,1
单份,1
图快,1
豆豉,1
鲮鱼,1
油麦,1
格子,1
黏在,1
大皮,1
避免,1
强烈,1
送碗,1
饺汤,1
结账,1
变,1
没点,1
虾仁,1
蒜苗,1
炸丸子,1
两人,1
比餐,1
本身,1
要赞,1
一丝一毫,1
地好,1
饺子皮,1
薄陷,1
锅包肉,1
白肉,1
酸辣粉,1
四不四,1
离家,1
一站,1
冬至,1
吃饺子,1
逾时,1
排列,1
热榜,1
第二名,1
过生日,1
诚信,1
经营,1
理念,1
哥赞,1
接着,1
菜单,1
锅,1
仔,1
做错,1
哥是,1
遇到,1
详细,1
几环,1
标志性,1
建筑,1
我发,1
信息,1
忍无可忍,1
回应,1
留,1
倒胃口,1
炸窝,1
黑,1
糊弄人,1
帖,1
三分之二,1
进门,1
功夫,1
酒,1
太美,1
累,1
动,1
肉馅,1
调味,1
陷大,1
舒,1
丰满,1
想要,1
热呼呼,1
芹菜,1
不必,1
小点心,1
没碎,1
早饭,1
守时,1
南瓜饼,1
两样,1
告知,1
缘由,1
表示感谢,1
枣花,1
懒,1
馋,1
人士,1
员有,1
吕,1
订完,1
赞个,1
枉费,1
美中不足,1
做出,1
千层,1
迫不及待,1
还算快,1
到底,1
紫薯,1
甜度,1
适中,1
阿佛,1
身上,1
贴,1
书籍,1
护封,1
有趣,1
博大,1
意思,1
包含,1
美丽,1
安娜,1
细腻,1
汁儿,1
快又准,1
点面,1
放进去,1
鸡块,1
扬州,1
盐味,1
多要,1
汤太咸,1
绰绰有余,1
不太辣,1
五星级,1
硬点,1
环境,1
孜然,1
斗,1
增加,1
粗粮,1
辣椒油,1
要说,1
笑容,1
风驰电掣,1
人长,1
操蛋,1
炸酱面,1
对来,1
不小,1
鸡好,1
两顿,1
菜里,1
认准,1
可送餐,1
如今,1
带娃,1
来不及,1
做饭,1
有家,1
老店,1
如此,1
火,1
出些,1
肉里,1
面善,1
饭食,1
太有,1
约,1
敲,1
不差,1
一发,1
真是太,1
一张,1
瘦多,1
趴在,1
妥妥,1
病人,1
脚崴,1
翻热,1
亚运村,1
烤制,1
不短,1
地快,1
教父,1
番茄,1
醬,1
QAQ,1
好肉,1
员太给力,1
送花,1
无差,1
天冷,1
保暖,1
快赞,1
员点,1
定位,1
超出,1
范围,1
问路,1
取到,1
导致,1
让给,1
辣油,1
瓶子,1
凑够,1
还订,1
夏,1
豪杰,1
还会定,1
微笑服务,1
手指,1
牛排,1
草莓,1
甜饼,1
奶酪,1
熔化,1
某个,1
售完,1
打个,1
白等,1
爆表,1
闻名,1
已久,1
放久,1
饼边,1
走点,1
叮嘱,1
事项,1
特好,1
相同,1
别家,1
个儿,1
超靠,1
小牛肉,1
外出,1
赶回,1
寒风,1
随身,1
保温箱,1
♥,1
人真,1
躺,1
床上,1
七岁,1
开门,1
別,1
关好门,1
大打折扣,1
解释,1
退钱,1
三十二个,1
带回家,1
默认,1
想想,1
要来,1
恐惧,1
作罢,1
系统升级,1
使,1
时餐,1
再订,1
烤焦,1
原材料,1
招牌菜,1
羊肉串,1
串,1
脆皮,1
日本,1
满满当当,1
脆脆,1
食材,1
滚烫,1
煮汤,1
顺手,1
2016,1
年,1
身体健康,1
顺利,1
原汁原味,1
汤菜,1
分离,1
红萝卜,1
美美,1
精神,1
熟悉,1
选辣,1
榄,1
汤底,1
满满地,1
焦,1
香辣,1
味十足,1
太度,1
N,1
次定,1
家里人,1
清单,1
两回,1
没头,1
回多,1
炒合菜,1
太细,1
单快,1
路不熟,1
跑跑,1
藕片,1
花菜,1
丁太甜,1
吃货,1
真好,1
大点,1
刚到,1
货到,1
搬,1
两箱,1
货,1
完美无瑕,1
便捷,1
此外,1
孙师傅,1
小龙虾,1
削,1
昨晚,1
半,1
买回来,1
冲,1
小兄弟,1
几年,1
炒面,1
祝店,1
生意兴隆,1
缺少,1
路上,1
时面,1
软烂,1
小河,1
没撒匀,1
要不然,1
沾,1
超乎,1
排骨面,1
小白菜,1
油偏,1
灌肠,1
亲切,1
味口,1
剩,1
土豆粉,1
很准,1
要免,1
过敏,1
食欲,1
宿舍,1
耽误,1
烧烤,1
哼哼,1
她,1
购物,1
逢年过节,1
日后,1
样样,1
老炮,1
少送个,1
江米,1
条,1
车,1
常快,1
三样,1
怏送,1
券,1
属,1
带回,1
天津,1
小肚,1
今后,1
门牌号码,1
没写,1
不便,1
小雨,1
哎哟,1
比去,1
未,1
帅哥,1
礼盒,1
16,1
生产日期,1
看来,1
屯,1
生产,1
餐员人,1
半天,1
买来,1
两本书,1
完好,1
团快,1
牛舌饼,1
换零钱,1
诚恳,1
香蕉,1
大熱天,1
師傅,1
来得及,1
员少,1
一块钱,1
59.9,1
40.05,1
规整,1
面少些,1
咋样,1
没次,1
时会,1
变软,1
麻辣烫,1
裹,1
叫外卖,1
面太,1
特地,1
切开,1
久闻大名,1
温柔,1
美极了,1
做得好,1
路边摊,1
皇太极,1
每一款,1
偶尔,1
惊艳,1
全给,1
摔,1
瞬间,1
减价,1
点卷,1
辣成,1
狗,1
受不了,1
想到,1
感冒,1
吃太腻,1
烙,1
摊出来,1
面饼,1
黏,1
黏糊糊,1
要用,1
雨夹雪,1
夜晚,1
屋里,1
晚餐,1
一件,1
扁豆,1
算了,1
网页,1
留下,1
即时,1
快餐,1
它,1
黑暗,1
料理,1
口袋,1
惨不忍睹,1
素拌,1
普洱,1
没怪,1
从订,1
略腻,1
老想,1
黄,1
巨无霸,1
脆饼,1
全部都是,1
两片,1
喷火,1
伤人,1
心,1
买少,1
要点,1
十一点,1
五十,1
选项,1
少刷酱,1
油炸,1
期望值,1
当时,1
吃香,1
团购,1
素材,1
一致,1
稍长,1
软塌,1
比别,1
家鸡,1
排小,1
肉太辣,1
唔,1
要滴,1
皇家,1
哇,1
伤心,1
包括,1
温热,1
¥,1
28,1
葡萄,1
粒粒,1
饱满,1
结实,1
桂圆,1
大粒,1
大暴雨,1
没糊,1
非常低,1
够味,1
很实,1
卤汁,1
解渴,1
椒盐,1
双菇,1
来晚,1
检查,1
能加个,1
神马,1
中国,1
版肉,1
得现,1
做现,1
↖,1
↗,1
谁料,1
竟,1
记住,1
这事,1
旁观者,1
而言,1
宇航员,1
火星,1
地球,1
待遇,1
之所以,1
首要,1
万万,1
从此,1
竟爱上,1
对得起,1
羊,1
薅,1
秃,1
嫩,1
俱佳,1
一瓶,1
心情,1
舒缓,1
比起,1
18,1
摆摆,1
即使,1
摆样子,1
备菜,1
备注栏,1
颤颤巍巍,1
地提,1
存,1
好几杯,1
见证,1
奇迹,1
时刻,1
发生,1
没错,1
以至于,1
激动,1
忍,1
随时,1
饿昏,1
危险,1
评得,1
词穷,1
买买,1
就够,1
淀粉,1
第一份,1
第二份,1
打黄,1
shi,1
完直,1
多真,1
傻缺,1
赚,1
尾端,1
成,1
糊状,1
吉,1
不可,1
耐,1
太像,1
广告,1
水有,1
不淡,1
除湿,1
水太甜,1
皇太吉,1
话,1
变热,1
多送,1
早有,1
耳闻,1
黄太急,1
严重,1
预订,1
开些,1
大部分,1
回味无穷,1
点评,1
多块,1
退款,1
酱味,1
酸梅汤,1
bug,1
修改,1
现做现,1
亲子,1
恩,1
匹配,1
调节,1
午休,1
网上,1
卷太酸,1
两,1
相对,1
龙抄手,1
十几块,1
强太多,1
面太少,1
忒,1
果,1
人家,1
端午节,1
业界,1
清新,1
SOHO500,1
米外,1
融科,1
苦,1
三,1
一单,1
错路,1
果盘,1
超爱,1
有个,1
标签,1
哪种,1
油点,1
余温,1
塌,1
再慢,1
小跑,1
难得,1
尽量,1
哎呀,1
新品,1
单人,1
蓬点,1
有菜,1
还来订,1
真唑实,1
hao,1
没吃成,1
久仰大名,1
打折,1
过后,1
很不錯,1
吃過,1
煎餅,1
还备,1
糖,1
顶顶,1
很油,1
很淡,1
更换,1
没法用,1
办个,1
会员卡,1
可圈可点,1
摊卖,1
掌握,1
涼,1
麵,1
超辣,1
及,1
询问,1
酱略,1
同意,1
60,1
东东,1
保存,1
胶带,1
湿纸巾,1
捂,1
不太脆,1
耦盒,1
♪,1
四根,1
扔,1
时间差,1
超时,1
后续,1
放醋,1
足量,1
还会用,1
友善,1
定点,1
肉汁,1
肉饼,1
味精,1
奇快,1
花椒,1
疙瘩汤,1
疙瘩,1
肉酱,1
包蛮,1
再来,1
喝口,1
总去,1
以来,1
苦菊,1
一类,1
很甜,1
糖水,1
泡,1
敏感,1
他会,1
疼,1
亲民后,1
不爱来,1
宁愿,1
绕道,1
上品,1
粥面,1
贵在,1
有心,1
哪怕,1
降低,1
否则,1
日久天长,1
损失,1
放盐,1
清爽,1
吾,1
水煮鱼,1
精品,1
宮爆,1
赵,1
离谱,1
马路,1
正对面,1
名店,1
保障,1
久等,1
蛋炒饭,1
山,1
竹笋,1
滋味,1
不干,1
并且,1
凑满,1
住院,1
笋,1
厨子,1
姜太多,1
适应,1
速,1
度快,1
餐员太,1
真慢,1
五颗星,1
二话没说,1
丁和川式,1
腊味,1
拼,1
名不虚传,1
责任心,1
太嫩,1
堂,1
姜蓉,1
新菜,1
天等,1
静音,1
偏少,1
必吃,1
眉洲,1
以外,1
农家,1
鸽子,1
6,1
楼,1
爬,1
湄洲,1
油量,1
美味佳肴,1
又帅,1
货真价实,1
太牛,1
老妈,1
不买,1
陪,1
厨师,1
平易近人,1
雪天,1
赠,1
暖暖的,1
信任,1
吃眉州,1
员真快,1
人多,1
24,1
大店,1
欺人,1
现象,1
热情周到,1
发,1
喜庆,1
姜放,1
哪去,1
金,1
一闷,1
解馋,1
足味美,1
配肉,1
不配,1
炼乳,1
碟,1
蜂蜜,1
一荤一素,1
期望,1
降一降,1
垫纸,1
很重,1
地沟油,1
大牌,1
大堂,1
没太大,1
一分货,1
订眉州,1
垃圾桶,1
真得赞,1
严,1
密封,1
紧密,1
满百,1
但盖,1
高超,1
这点,1
那位,1
俩个,1
无奈,1
冒血,1
旺,1
多收,1
消息,1
随手,1
甚至,1
冻糕,1
银耳汤,1
八点,1
路,1
不熟,1
同堂,1
基本上,1
有没有,1
八个,1
蒸饺,1
万分,1
甜香,1
商品质量,1
搞错,1
爸爸,1
铺上,1
以防,1
全漏,1
锁京,1
付出,1
尚可,1
热滴,1
总计,1
19,1
只想,1
吊炸天,1
菜肉,1
热热,1
运输,1
快得,1
不满,1
灌,1
人超,1
均匀,1
咸水,1
鸭太少,1
时段,1
快马加鞭,1
给钱,1
阿姨,1
糖醋,1
小排,1
糯米,1
专用,1
客户端,1
南京,1
小笼,1
包皮,1
北菇,1
滑鸡饭,1
常,1
米粉,1
现蒸,1
嗖,1
面前,1
窝蛋,1
上边,1
写带,1
木瓜,1
银耳,1
油多,1
生气,1
故意,1
调戏,1
辣辣的,1
节奏,1
强烈推荐,1
略辣,1
再现,1
三明治,1
油水,1
汉堡,1
两袋,1
开森,1
断,1
抗用,1
脏,1
黑椒,1
人吃量,1
有小份,1
漏汤,1
烦人,1
童鞋,1
慎重,1
刚下,1
顶个,1
算快,1
年糕,1
苹果汁,1
石榴,1
过期,1
慢点,1
很近,1
北,1
中医,1
太干,1
杂酱,1
爽口,1
单卖,1
已入,1
肚,1
重庆,1
杂,1
面酱,1
少放上,1
一勺,1
日常,1
手机信号,1
餐员赞,1
y,1
另一家,1
不介意,1
开放,1
全面,1
泡脚,1
凉粉,1
翻,1
牌牌,1
巧手,1
夹肉,1
了,7951
的,6144
都,1919
是,1916
我,1762
不,1701
还,1395
也,1347
小时,1185
吃,1173
送,1104
就,1076
给,1070
送餐,1061
没有,1057
没,984
味道,873
很,840
点,772
说,771
送到,769
好吃,667
…,665
等,647
才,643
难吃,593
太,569
好,566
到,556
太慢,528
一般,516
在,508
送来,499
外卖,497
饭,494
菜,491
凉,470
时间,465
啊,452
一个,445
和,424
慢,423
多,420
吧,408
就是,406
个,398
还是,391
有,387
不错,380
两个,372
什么,347
速度,336
打电话,335
要,333
电话,327
这,326
差,324
但是,323
少,320
可以,319
不是,311
而且,307
吗,302
你,298
让,297
配送,286
怎么,282
肉,282
分钟,282
百度,276
粥,268
差评,267
2,267
结果,262
有点,260
以后,259
米饭,258
已经,258
不会,251
人,247
再,247
1,240
又,237
里,236
能,236
知道,229
东西,229
快,229
态度,226
不要,226
做,225
订单,221
打,219
订,218
特别,218
这么,217
你们,207
感觉,204
不能,204
呢,202
一点,202
一次,201
里面,198
么,196
根本,194
饼,194
时候,193
量,191
非常,190
上,186
真的,183
12,182
:,182
餐,181
跟,179
洒,178
晚,177
自己,176
11,176
餐员,175
一样,175
买,175
真是,172
定,171
去,171
商家,170
过,170
一,170
这个,169
汤,167
用,166
一份,166
比,164
不好,164
来,160
一个半,157
今天,156
订餐,156
把,156
送达,156
、,155
这次,155
第一次,153
卷饼,152
实在,151
牛肉,149
服务,146
居然,146
店里,145
大,145
送过来,144
～,144
这样,144
拿,144
下单,144
辣,143
员,140
一个多,139
这家,138
着,138
拌,136
得,135
套餐,135
最后,133
下次,133
为什么,132
那么,131
10,130
~,129
只有,128
快递,128
想,128
但,127
备注,124
菜品,121
全是,121
还有,121
取消,120
肘子,120
不到,119
3,118
后,118
20,117
挺,117
放,116
垃圾,116
筷子,116
送错,115
他,115
醉,114
半小时,114
客服,112
小,112
卷,111
希望,111
口味,111
超级,111
煎饼,111
没法,110
发票,109
不过,109
竟然,109
再也,109
失望,108
恶心,108
.,107
以前,107
钱,106
真,105
一直,104
真心,104
饮料,103
只,103
行,102
包装,101
撒,101
下,99
咖啡,99
完全,98
鸡肉,98
袋子,97
很快,96
出来,95
咸,95
辣椒,94
肥肉,94
元,93
看,93
完,93
饭菜,92
因为,92
简直,91
其他,91
写,90
小哥,90
最,90
硬,90
30,90
被,89
直接,89
店家,88
面,88
催,88
餐厅,87
太差,86
油,86
一半,85
饺子,85
那,84
比较,84
我们,84
问题,83
：,83
每次,82
40,82
啦,81
太少,81
新鲜,81
长,81
会,81
现在,80
找,79
米线,79
喝,78
死,78
呵呵,77
饿,77
菜量,76
换,76
我要,75
店,75
然后,74
可是,73
还好,73
要求,73
三个,72
催单,72
服务态度,72
坨,72
只能,71
不如,71
不想,71
单,71
鸡蛋,70
5,70
人员,69
连,69
告诉,69
问,69
盒子,69
是不是,69
叫,69
13,69
联系,69
应该,68
对,68
热,68
皮蛋,68
如果,68
提前,67
扔,66
带,66
迟到,66
满意,66
凉皮,66
土豆,65
两份,65
收到,65
饿死,65
一下,65
味,65
觉得,65
谁,65
干,64
投诉,64
再也不会,64
可乐,63
贵,62
之前,62
啥,62
块钱,62
显示,62
之后,62
半个,62
评价,62
家,62
餐具,62
质量,61
无语,61
差劲,61
豆腐,61
下午,61
你家,60
从,60
土豆丝,60
15,60
披萨,60
超时,59
鸡,59
发现,59
不了,58
很多,58
别的,58
蔬菜,58
肉丝,58
他家,58
建议,57
我点,57
一起,57
倒,57
可能,57
本来,56
不通,56
不够,56
喜欢,56
酱,56
餐盒,55
两次,55
汉堡,55
就算,55
薯条,55
退,54
还要,54
将近,54
不值,54
明明,53
时,53
走,53
...,53
忘,53
4,52
出,52
45,52
还行,52
那个,52
呀,52
石锅,52
越来越,51
无,51
中,51
有些,51
这是,51
俩,51
大家,51
不吃,50
价格,50
完成,50
确认,50
这种,50
地方,50
很少,49
加,49
说好,49
所以,49
很差,49
排骨,49
豆腐脑,49
像,48
冷,48
不行,48
好多,48
挺快,48
打开,47
师傅,47
下去,47
南瓜,47
送货,47
他们,47
过去,46
理解,46
变成,46
多次,46
除了,45
一口,45
两,45
基本,45
；,45
哎,45
全都,45
只是,44
第二次,44
番茄酱,44
可怜,44
一块,44
中午,44
同事,43
米,43
图片,43
后来,43
块,43
十点,43
分量,42
别人,42
分,42
语,42
起来,42
少送,42
勺子,42
请,42
预计,42
炒饭,41
盖饭,41
服,41
辛苦,41
久,41
坏,41
醋,41
吸管,40
酸,40
哪,40
拉肚子,40
取餐,40
已,40
很慢,40
份,40
6,40
注意,40
一般般,40
50,40
装,39
老板,39
上次,39
干净,39
弄,39
没送,39
却,39
没什么,38
不定,38
地址,38
更,38
咋,38
坑,38
泡,38
速度慢,38
8,38
量少,38
过来,38
再点,37
剩,37
距离,37
明显,37
烂,37
口感,37
老,37
取,37
瘦肉粥,37
逼,37
上班,37
要是,37
菜汤,37
蛋糕,37
不太,36
甜,36
炒,36
生,36
要死,36
点餐,36
肉夹馍,36
绝对,36
全,36
楼下,36
豆浆,36
韭菜,36
没到,35
凑合,35
单子,35
吃饭,35
确实,35
次,35
近,35
看到,35
腻,35
妈,35
玩意,35
不怎么样,35
挺好吃,35
宫保鸡,35
沙拉,35
奶油,35
几次,34
一股,34
差不多,34
顾客,34
（,34
）,34
太久,34
“,34
错,34
配菜,34
够,34
点半,34
太咸,34
整整,34
没熟,34
水,34
最差,33
厨师,33
改进,33
全洒,33
严重,33
您,33
猪肉,33
卤蛋,33
皮,33
”,33
两点,33
等到,33
点多,33
心情,33
成,33
情况,32
再订,32
退款,32
9,32
晚上,32
下楼,32
几乎,32
没见,32
虽然,32
地,32
总之,31
肥牛,31
小炒,31
卖,31
无法,31
三次,31
接单,31
体验,31
太长,31
盒,30
上面,30
一盒,30
特意,30
开始,30
十一点,30
外面,30
没人接,30
别,30
意思,30
包,30
失败,30
消费者,30
冷面,30
打包,29
放盐,29
剩下,29
到处,29
极差,29
实际,29
满,29
青椒,29
整个,29
以为,29
推荐,29
便宜,29
鱼香肉丝,29
一看,29
容易,29
一根,29
软,29
解释,28
及时,28
红烧肉,28
太坑,28
估计,28
好评,28
超慢,28
十二点,28
好慢,28
多分钟,28
优惠,28
客户,28
辣酱,28
嘛,28
系统,28
很大,27
饭店,27
怀疑,27
盐,27
烤,27
路,27
18,27
人家,27
7,27
昨天,27
从来,27
好久,27
肯定,27
放在,26
芝士,26
漏,26
另外,26
食物,26
与,26
头发,26
小菜,26
按,26
的话,26
五花肉,26
香菇,26
为了,26
早,26
看着,26
不说,26
锅包肉,26
一杯,25
似的,25
难道,25
粘,25
淡,25
尼玛,25
宇宙,25
并且,25
准时,25
吃不饱,25
请问,25
扔掉,25
搞,25
可,25
14,25
丁,25
朋友,25
星,25
饭盒,25
前,25
太小,25
一些,25
足足,25
半价,25
原因,24
字,24
破,24
她,24
预定,24
鸡翅,24
鸡腿,24
面条,24
熟,24
等待,24
好像,24
收,24
吐,24
办法,24
需要,24
忙,24
100,24
不订,24
全撒,24
卫生,24
辣白菜,24
麻烦,24
全部,24
不怎么,24
太多,24
任何,24
饭量,24
坑爹,24
塑料袋,24
影响,24
活动,24
一碗,24
白菜,24
鱼,24
必须,23
挂,23
开,23
半盒,23
餐巾纸,23
木耳,23
外送,23
半天,23
谢谢,23
补送,23
面都,23
尖椒,23
中间,23
厚,23
黄瓜,23
耽误,23
吃饱,23
太油,23
经常,23
豆角,23
铁,23
解决,22
油腻,22
臭,22
煮,22
冰,22
谱,22
上楼,22
所有,22
并,22
....,22
份量,22
咸菜,22
马上,22
通知,22
送饭,22
或者,22
事,22
回来,22
出去,22
蘑菇,22
首先,22
一定,22
一共,22
原来,22
网上,22
花生,22
烤肠,22
粉,22
骑士,22
西红柿,22
鸡块,22
还少,21
关键,21
恶劣,21
太晚,21
受不了,21
丝,21
手,21
几个,21
没收,21
公司,21
),21
不靠,21
当,21
重要,21
一点点,21
退钱,21
极其,21
换成,21
接到,21
告知,21
卖家,21
不点,21
刚,21
总体,21
唉,21
不知,21
没吃过,21
远,21
其实,21
食欲,21
算,21
点才,21
沟通,21
多少,21
哪里,21
服务员,21
菜单,21
一家,21
正,21
总是,20
开发票,20
处理,20
好喝,20
继续,20
接电话,20
凉菜,20
不用,20
左右,20
(,20
洋葱,20
拿到,20
接,20
补,20
整体,20
一点半,20
花,20
各种,20
不接,20
第一,20
样子,20
特,20
十分钟,20
半,20
不敢,20
超过,20
泡菜,20
一天,19
几块,19
一层,19
选择,19
午饭,19
遇到,19
我定,19
天气,19
跑,19
味儿,19
太辣,19
京酱,19
永远,19
=,19
馊,19
忍,19
太太,19
汤汁,19
支付,19
那种,19
蒜,19
抄手,19
凉面,19
半杯,19
酱汤,19
一味,19
赔付,18
头,18
酱油,18
不像,18
看见,18
快点,18
葱,18
哦,18
碎,18
好意思,18
们,18
忘记,18
红油,18
该,18
千万别,18
派送,18
巨慢,18
90,18
还给,18
19,18
想象,18
门口,18
重新,18
汁,18
差点,18
打通,18
不动,18
坑人,18
大份,18
牛,18
终于,18
嚼,18
方便,18
路程,18
变,18
-,18
麻辣,18
三鲜,18
调料,18
素质,17
17,17
一小,17
碗,17
蛋,17
去取,17
饭里,17
可惜,17
为,17
个人,17
大哥,17
差差,17
掉,17
品质,17
路上,17
没带,17
为啥,17
确定,17
不管,17
不太好,17
足,17
黑,17
提高,17
像是,17
小心,17
餐到,17
不敢恭维,17
占线,17
清楚,17
些,17
尤其,17
退单,17
不送,17
郁闷,17
看看,17
我家,17
羊肉,17
海带,17
海鲜,17
没用,16
鱿鱼,16
认识,16
没人,16
虫子,16
糟糕,16
先,16
汤洒,16
料,16
注明,16
价钱,16
再定,16
下雨,16
凉透,16
蜗牛,16
巨,16
大概,16
期间,16
飘香,16
差远了,16
不买,16
傻,16
气死,16
有待,16
说明,16
性价比,16
16,16
一句,16
00,16
这里,16
纸巾,16
未,16
要命,16
微辣,16
照片,16
丸子,16
星巴克,16
反正,15
一大,15
平时,15
却是,15
咖喱,15
晕,15
爹,15
天,15
找到,15
关机,15
好好,15
诚信,15
好几个,15
咬,15
实物,15
TM,15
王老吉,15
承诺,15
明白,15
道歉,15
彻底,15
评论,15
果汁,15
拉,15
普通,15
压根,15
不准,15
干嘛,15
实惠,15
来说,15
一会,15
早点,15
不辣,15
青菜,15
零钱,15
做好,15
不满,15
浪费,15
⋯,15
牛蛙,15
油条,15
四十分钟,15
糊,15
茄子,15
不然,15
番茄,15
三份,14
盖子,14
送成,14
炸,14
菜花,14
付款,14
夹生,14
荤,14
虾,14
包菜,14
孩子,14
怕,14
走路,14
冰凉,14
不熟,14
没想到,14
味道不好,14
加热,14
几根,14
透,14
瘦肉,14
有点咸,14
豆芽,14
片,14
负责,14
太甜,14
点半才,14
80,14
几天,14
几口,14
无奈,14
貌似,14
我订,14
欺骗,14
劲,14
光顾,14
..,14
这么久,14
焖,14
合谷,14
鸭,14
红烧,14
更是,13
见到,13
炒菜,13
付,13
导致,13
太淡,13
公里,13
煎蛋,13
不符,13
是因为,13
菜里,13
叫外卖,13
奇葩,13
两口,13
有点儿,13
香菜,13
不再,13
内,13
工作,13
全凉,13
奇怪,13
一堆,13
选,13
多点,13
不少,13
酱汁,13
第二,13
肚子,13
抓,13
高峰,13
点儿,13
.....,13
腥,13
第二天,13
另,13
夹,13
按时,13
早上,13
不让,13
脾气,13
酱料,13
难,13
怎么回事,13
里边,13
胃口,13
靠,13
勉强,13
成功,13
下咽,13
丢,13
慢死,13
新,13
别家,13
单点,13
太大,13
减,13
水果,13
餐品,13
晚到,13
杯,13
鸡丁,13
关东煮,13
干锅,13
懂,12
外,12
再说,12
奶茶,12
肉末,12
香肠,12
勺,12
北京,12
午餐,12
不爽,12
态度恶劣,12
我能,12
理由,12
面皮,12
一如既往,12
害,12
回复,12
一星,12
怪,12
毛,12
两块,12
三,12
骨头,12
店员,12
事情,12
糊弄,12
说实话,12
慢慢,12
约定,12
好不容易,12
生菜,12
状态,12
要么,12
留言,12
25,12
*,12
二十分钟,12
湿,12
稍微,12
一会儿,12
早餐,12
算了,12
太硬,12
有股,12
连续,12
煎,12
菠菜,12
酸菜,12
芹菜,12
按照,12
刚刚,12
塑料,12
杯子,12
收费,12
宫爆鸡丁,12
条,12
肠,12
星冰乐,12
加冰,12
值得,11
两盒,11
酸豆角,11
手机,11
黄焖,11
剩饭,11
话,11
太老,11
酥,11
至少,11
牛肉面,11
蟑螂,11
点订,11
基本上,11
他妈的,11
翅,11
帮,11
唯一,11
还慢,11
试试,11
多才,11
还贵,11
到达,11
就别,11
正常,11
打死,11
要不是,11
赞,11
生意,11
开心,11
大叔,11
相当,11
自取,11
送得,11
那样,11
信息,11
准备,11
35,11
抱歉,11
太腻,11
进,11
敢,11
生气,11
流,11
疼,11
很小,11
苦,11
咬不动,11
经历,11
怪怪的,11
见,11
做成,11
钟头,11
晚饭,11
一声,11
而,11
离,11
+,11
寸,11
包子,11
黄太吉,11
扁豆,11
由于,11
麻辣烫,11
吐槽,11
鸡丝,11
卤肉饭,11
欠,11
肉片,11
事儿,11
食材,11
炸鸡,11
鹌鹑蛋,11
费,11
扣肉,11
牛肉汤,11
之一,10
花椒,10
更好,10
其中,10
纸,10
香,10
赶紧,10
凉拌,10
最近,10
分开,10
地点,10
重,10
在线,10
懒得,10
沙子,10
锡纸,10
点半订,10
大块,10
主要,10
纸袋,10
提示,10
相差,10
真想,10
十一点半,10
一只,10
真是太,10
高,10
一瓶,10
剩菜,10
这些,10
不来,10
最慢,10
比较慢,10
点错,10
千万,10
不算,10
下面,10
不放辣,10
就要,10
几片,10
看来,10
肥,10
弄错,10
太烂,10
酱香,10
素,10
60,10
三块,10
认真,10
超,10
其它,10
进去,10
涨价,10
愉快,10
怎样,10
三遍,10
烤鸭,10
果断,10
关门,10
手里,10
做生意,10
才能,10
麻酱,10
下降,10
馅,10
用餐,10
一片,10
骗人,10
接受,10
散,10
差距,10
人理,10
哒,10
再次,10
不看,10
专业,10
挑,10
送货员,10
香锅,10
酸辣粉,10
肉饼,10
两杯,10
粉丝,10
鸡柳,10
搞错,10
舒服,10
餐馆,10
黄,10
东坡,10
送餐费,10
面包,10
正宗,10
力,10
状元,10
腊八,10
秘制,10
十分,9
差太多,9
难受,9
四块,9
错误,9
越来越少,9
五分钟,9
猪,9
加上,9
擦,9
最终,9
使用,9
真服了,9
两天,9
当天,9
骗,9
咸死,9
肉少,9
饱,9
四十,9
反应,9
爱,9
号,9
爆,9
如何,9
食品,9
里脊,9
疯,9
形容,9
回去,9
到极点,9
回,9
_,9
顿饭,9
总,9
奥尔良,9
碰到,9
也许,9
适合,9
早就,9
一张,9
盒饭,9
菜少,9
一颗,9
鬼,9
一塌糊涂,9
脏,9
点定,9
无人,9
难以,9
慎重,9
再来,9
没个,9
幸好,9
增加,9
图,9
保证,9
订过,9
真不知道,9
盖,9
一坨,9
小份,9
改善,9
标注,9
酸味,9
习惯,9
小区,9
不足,9
炒饼,9
长时间,9
炖,9
是否,9
一双,9
夸张,9
软件,9
26,9
月,9
猪蹄,9
汤全,9
胡萝卜,9
花生米,9
米粉,9
汤里,9
不好意思,9
歉意,9
海带丝,9
数量,9
粉条,9
糖醋,9
茴香,9
油太大,9
油菜,9
大盘鸡,9
馒头,9
摩卡,9
还放,9
结束,9
快餐,9
询问,9
桌子,9
鳕鱼,9
丽华,9
萝卜,9
泡馍,9
姜,8
物流,8
原味,8
没加,8
评,8
卖相,8
鱼头,8
艹,8
核对,8
送晚,8
子,8
两片,8
28,8
口,8
肉卷,8
如此,8
太过分,8
鸡腿肉,8
想想,8
出现,8
上来,8
腥味,8
过长,8
不仅,8
地上,8
慢点,8
谢,8
送菜,8
九点,8
只要,8
商务,8
三点,8
借口,8
意义,8
22,8
对不起,8
隔,8
八点,8
听,8
层,8
回家,8
电梯,8
24,8
白,8
第一个,8
咨询,8
样,8
精致,8
非常少,8
32,8
答复,8
霸王,8
21,8
总共,8
太厚,8
差别,8
太干,8
肉皮,8
包装袋,8
煮熟,8
闹肚子,8
省,8
草,8
菜太少,8
上当,8
个人感觉,8
接通,8
愿意,8
非,8
很无语,8
哭,8
拌面,8
晚餐,8
第三次,8
位置,8
本身,8
将,8
看不到,8
/,8
二,8
且,8
大小,8
倒闭,8
发生,8
0,8
考虑,8
38,8
说话,8
反馈,8
卖盐,8
私自,8
钢丝,8
气,8
略,8
点下,8
它,8
着急,8
之类,8
提供,8
木有,8
越,8
真够,8
区别,8
三分之一,8
这菜,8
玉米,8
疙瘩汤,8
外送员,8
薄脆,8
化,8
水平,8
辣味,8
五块,8
柳,8
客人,8
糟,8
不脆,8
还收,8
温,8
没洗,8
豆花,8
肥肠,8
一包,8
羊肉串,8
牛腩,8
绿豆沙,8
焗,8
发霉,8
有个,8
70,8
颜色,8
渣,8
配,8
巧克力,8
一袋,8
炒米,8
太次,8
腊肉,8
炒肉,8
河粉,8
厉害,7
同,7
太忙,7
挺不错,7
说完,7
撕,7
菜叶,7
日,7
吃个,7
苍蝇,7
关系,7
差到,7
空号,7
没来,7
n,7
不带,7
拿来,7
到手,7
差价,7
爬,7
简单,7
下班,7
不负责任,7
骂人,7
以上,7
不起,7
纯素,7
想要,7
只好,7
一团,7
送个,7
中途,7
购买,7
支持,7
没味,7
半点,7
小伙伴,7
预期,7
内容,7
这边,7
前台,7
其次,7
大爷,7
管,7
入味,7
表示,7
根本就是,7
老公,7
极慢,7
香味,7
干巴巴,7
看起来,7
太无语,7
越做越,7
怪味,7
逗我,7
好歹,7
从没,7
胃,7
算是,7
七点,7
第二个,7
每天,7
线,7
毕竟,7
接听,7
操,7
哪儿,7
半才,7
更慢,7
糊弄人,7
辣死,7
卧槽,7
合适,7
一次性,7
炖肉,7
晚点,7
额,7
否则,7
制作,7
明天,7
过分,7
中午饭,7
面饼,7
迟,7
大热天,7
后面,7
尽快,7
随便,7
啊啊啊,7
细心,7
主动,7
单独,7
当时,7
不耐烦,7
四点,7
异味,7
于是,7
货,7
自动,7
炒鸡蛋,7
儿,7
女,7
缘故,7
问问,7
炒面,7
不上,7
抠,7
很近,7
糖,7
堂食,7
变形,7
眉州,7
鸭子,7
回锅肉,7
齁,7
蘸,7
冬天,7
坨成,7
招牌,7
气死人,7
串,7
52,7
也好,7
根粉,7
吉吉熊,7
花钱,7
金枪鱼,7
香草,7
体谅,7
鸡排,7
肉太少,7
黑椒,7
实体店,7
山药,7
至极,7
当然,7
较,7
点心,7
西葫芦,7
有人,7
挤,7
椒,7
腐竹,7
剁,7
梅菜,7
一致,7
搞笑,7
包装盒,7
滴,7
馄饨,7
鸭头,7
高峰期,7
管理,7
猪手,7
南瓜饼,7
下回,6
补偿,6
反而,6
四份,6
土豆片,6
催促,6
马路,6
反胃,6
经过,6
下雨天,6
逗,6
对方,6
礼貌,6
蒸,6
满减,6
喂,6
神马,6
狗,6
凝固,6
豆皮,6
不放,6
搜,6
干什么,6
二十,6
屁,6
十五,6
漏送,6
吃不上,6
微波炉,6
上午,6
名字,6
扣,6
有限,6
下来,6
气死我了,6
预约,6
手套,6
很足,6
58,6
墨迹,6
之,6
对面,6
这送,6
几百米,6
39,6
给予,6
骗子,6
看不见,6
四个,6
不成,6
嗯,6
罢了,6
app,6
玩,6
那份,6
良心,6
蛋壳,6
餐才,6
而是,6
直到,6
崩溃,6
肉质,6
第一天,6
安排,6
36,6
冲,6
一圈,6
全部都是,6
强烈,6
特地,6
太贵,6
别定,6
^,6
小票,6
很长,6
不见,6
一点儿,6
鸡皮,6
所谓,6
午休,6
忽悠,6
不开,6
垃圾桶,6
得到,6
五十,6
史上,6
赔,6
两种,6
消息,6
孙子,6
连句,6
没货,6
干脆,6
原价,6
好少,6
感受,6
无数次,6
愣,6
配餐,6
黏糊糊,6
刷,6
一趟,6
太肥,6
29,6
效率,6
袋,6
一条,6
真差,6
突然,6
门店,6
选项,6
店面,6
尝,6
就定,6
四十多分钟,6
果然,6
盒里,6
有史以来,6
店长,6
这送餐,6
纸袋子,6
嫌,6
故意,6
指定,6
400,6
很棒,6
健康,6
望,6
补上,6
没味儿,6
赠送,6
极了,6
心,6
多一点,6
低,6
一分钱,6
一刻,6
......,6
退餐,6
o,6
必要,6
饭馆,6
延迟,6
齐全,6
太特,6
火腿,6
街边,6
前后,6
没喝,6
很晚,6
种类,6
冻,6
在家,6
划算,6
SB,6
往,6
嘴里,6
酸辣,6
答应,6
大约,6
别点,6
半碗,6
板筋,6
压扁,6
无力,6
水煮,6
两分钟,6
包装费,6
臭味,6
石头,6
咖喱鸡,6
住,6
三明治,6
意面,6
既然,6
一遍,6
加强,6
丁饭,6
淀粉,6
晚送,6
麻婆豆腐,6
布丁,6
猪排,6
底,6
点汤,6
着实,6
掺,6
麻油,6
五折,6
折,6
榨菜,6
饺子皮,6
很烂,6
这点,6
腿,6
超大,6
道,6
热巧,6
餐点,6
特大,6
叶子,6
荤菜,6
配送费,6
裂,6
倒掉,6
汤汤水水,6
锅贴,6
咸味,6
鸡条,6
致电,6
牛柳,6
→,6
飯,6
砸,6
炸酱面,6
爽口,6
辣椒油,6
单加,6
魏家,6
接线员,6
小渝府,6
200,5
半份,5
好看,5
挂断,5
现做,5
绝不,5
猫,5
过头,5
先是,5
几块钱,5
裹,5
很辣,5
饿坏,5
从来不,5
买家,5
全倒,5
再用,5
太重,5
默认,5
冰冰凉,5
涨,5
保温箱,5
放弃,5
回电,5
人员素质,5
一顿,5
恶略,5
可想而知,5
傻子,5
冷掉,5
外包装,5
呗,5
天天,5
2.5,5
最好,5
慢得,5
两碗,5
幸亏,5
最最,5
去掉,5
送上来,5
大厦,5
五点,5
无味,5
孜然,5
是从,5
至今,5
中分,5
通电话,5
不惯,5
浓,5
发苦,5
一分钟,5
尊重,5
卷里,5
要说,5
皮太厚,5
价,5
素菜,5
两根,5
很难,5
意见,5
清淡,5
不全,5
七元,5
餐送,5
短信,5
五十分钟,5
惊人,5
甜面酱,5
点送,5
饿晕,5
黏,5
点多下,5
慢到,5
通话,5
失误,5
房间,5
支付宝,5
不烂,5
立即,5
圆白菜,5
变得,5
整块,5
太远,5
延时,5
草泥马,5
祝,5
喊,5
劝,5
信誉,5
不高,5
产品,5
锡箔纸,5
一种,5
先不说,5
好不好,5
第一口,5
整,5
减量,5
约,5
女生,5
95,5
收货,5
馅料,5
值,5
见过,5
店铺,5
太早,5
加点,5
封口,5
拿出,5
保温,5
丁丁,5
语气,5
赚钱,5
赶上,5
印象,5
点半下,5
水泡,5
尝尝,5
臭臭,5
夏天,5
一位,5
点半定,5
没放,5
这份,5
毁,5
拜托,5
每个,5
两块钱,5
57,5
送还,5
同时,5
同样,5
滋味,5
步行,5
热乎,5
打折,5
伤心,5
半生不熟,5
做法,5
改良,5
对于,5
漏出来,5
分才,5
方面,5
改成,5
春卷,5
符合,5
沾,5
夜宵,5
或,5
凑活,5
楼上,5
其他人,5
柴,5
食堂,5
甜味,5
好大,5
的确,5
用心,5
拒收,5
超市,5
一粒,5
凑,5
派,5
重点,5
那边,5
感谢,5
做菜,5
虾肉,5
乱七八糟,5
酸菜鱼,5
以及,5
热饮,5
43,5
至于,5
路边,5
牛炖,5
肉松,5
周末,5
两样,5
塌,5
由,5
讲,5
羹,5
吃完饭,5
油炸,5
沙拉酱,5
面里,5
500,5
听说,5
粒,5
疙瘩,5
调味,5
回事,5
藕片,5
太气,5
一单,5
不止,5
本次,5
到餐,5
溜,5
多久,5
水准,5
毛血旺,5
烧鸡,5
葱油,5
汤包,5
乌冬面,5
分不清,5
几分钟,5
年糕,5
同学,5
土豆泥,5
相比,5
出门,5
蕨,5
没盖,5
特价,5
培根,5
蛋挞,5
只想,5
焦糖,5
46,5
吧唧,5
延误,5
分店,5
送单,5
两颗,5
不同,5
肉酱,5
次次,5
前一天,5
无视,5
中国,5
只装,5
至尊,5
此次,5
五六块,5
类似,5
转,5
大拌,5
车费,5
合作,5
烧饼,5
种,5
缩水,5
蓝莓,5
千叶,5
红薯,5
黑乎乎,5
专门,5
有没有,5
双拼,5
烧肉,5
没退,5
零分,5
苦瓜,5
三十分钟,5
雪梨,5
马虎,5
更换,5
配料,5
煸,5
出个,5
抹,5
更新,5
离谱,5
奶盖,5
高兴,5
赔偿,5
段,5
吃饺子,5
一块钱,5
胗,5
宏,5
过程,5
实际上,5
少不说,5
菠萝,5
炒熟,5
狮子头,5
份饭,5
凭,5
贡丸,5
人送,5
不大,5
业务,5
34,5
王,5
叉子,5
金额,5
必胜客,5
决定,5
堵车,5
写明,5
温度,5
鱼块,5
韩式,5
气愤,5
面汤,5
放进去,5
呀呀,5
特色,4
额外,4
送费,4
整份,4
三种,4
多收,4
以往,4
锅,4
撕开,4
宽粉,4
六块,4
努力,4
品味,4
排骨饭,4
少油,4
少到,4
大差评,4
前几次,4
咸了,4
辣得,4
闻,4
废,4
无耻,4
N,4
常温,4
我用,4
打个,4
三十,4
显然,4
再见,4
还凉,4
机会,4
三碗,4
欺负,4
仨,4
三样,4
可恶,4
起,4
接近,4
量足,4
放到,4
一楼,4
根,4
食,4
辣椒酱,4
点过,4
学校,4
偶尔,4
节奏,4
坚决,4
太软,4
馅儿,4
别提,4
块儿,4
从前,4
特么,4
呐,4
跟不上,4
具体,4
皮厚,4
受,4
期待,4
拿餐,4
哪去,4
还会,4
半定,4
宿舍,4
看着办,4
以外,4
退货,4
网友,4
理,4
硬硬,4
好几遍,4
小孩,4
',4
三星,4
花儿,4
硬是,4
白粥,4
搭配,4
挣钱,4
本人,4
保安,4
期望,4
甚远,4
一大半,4
表扬,4
令人,4
肉菜,4
优点,4
时段,4
开门,4
伤不起,4
临时,4
喝粥,4
毛用,4
没少,4
料理,4
作为,4
优惠卷,4
到家,4
牙,4
多难,4
吃不下,4
不怕,4
早日,4
太酸,4
想点,4
到底,4
依旧,4
赶时间,4
标明,4
我特,4
点个,4
小吃,4
冲着,4
饼子,4
油太多,4
小贵,4
巨少,4
哇,4
多定,4
一点多,4
等等,4
一脸,4
真牛,4
╯,4
╰,4
正在,4
全素,4
理直气壮,4
尝试,4
瘦,4
说会,4
牛皮纸,4
赚,4
信,4
没拿到,4
代金券,4
耐心,4
真无语,4
回头客,4
附近,4
后悔,4
点多定,4
十几分钟,4
稠,4
之间,4
筋,4
太低,4
棒,4
拨打,4
下午茶,4
十元,4
肯德基,4
强调,4
花钱买,4
嘴,4
坚持,4
粑,4
能够,4
人太多,4
竖,4
屎,4
通过,4
兜子,4
瞬间,4
咱,4
不差,4
四次,4
退订,4
去年,4
外加,4
多送,4
超长,4
推来推去,4
B,4
多到,4
白水,4
点点,4
两遍,4
非要,4
袋装,4
十多分钟,4
塞,4
等待时间,4
饮品,4
厘米,4
煮肉,4
没信,4
为何,4
果仁,4
混乱,4
担心,4
四十多,4
菜到,4
加油,4
节省时间,4
八点半,4
无所谓,4
一长,4
无比,4
煎饼果子,4
品牌,4
设置,4
玩意儿,4
统一,4
辣油,4
不能取消,4
吃不出,4
莫名其妙,4
一副,4
面疙瘩,4
仔细,4
橙汁,4
属于,4
战斗机,4
牛筋,4
款,4
这辈子,4
熟透,4
害得,4
照,4
挺大,4
调味料,4
捂,4
叫餐,4
缺,4
溢出,4
趴,4
家里,4
智商,4
茶,4
大葱,4
一段,4
球,4
免,4
西兰花,4
清炒,4
怎么着,4
谁家,4
时说,4
材料,4
工作人员,4
顶多,4
50%,4
较慢,4
大排,4
影子,4
一品,4
要点,4
售后,4
写错,4
菜饭,4
意大利,4
本单,4
心塞,4
而已,4
定过,4
|,4
两包,4
跳,4
遍,4
酸奶,4
那么回事,4
47,4
姜蒜,4
红,4
翻,4
用水,4
敲门,4
定餐,4
碧,4
热菜,4
超差,4
给钱,4
偷工减料,4
方式,4
她家,4
粘成,4
漏单,4
本想,4
提交,4
承担,4
白饭,4
好久好久,4
催才,4
囧,4
明确,4
方便面,4
百叶,4
中辣,4
超辣,4
土豆粉,4
可不是,4
脆皮,4
一麻,4
一辣,4
经典,4
不远,4
地图,4
药,4
多花,4
提,4
点评,4
有机,4
脑子,4
两双,4
东北,4
程度,4
打算,4
用户,4
怎么样,4
虾仁,4
浆糊,4
如,4
保持,4
农家,4
点菜,4
主菜,4
石子,4
洒得,4
砂锅,4
减价,4
再慢,4
中有,4
06,4
提醒,4
都化,4
大杯,4
路线,4
圈,4
美式,4
上传,4
红茶,4
請,4
可气,4
门,4
退掉,4
面坨,4
可笑,4
密封,4
27,4
愤怒,4
小黄鱼,4
电动车,4
没电,4
第四次,4
300,4
佩服,4
⊙,4
馊味,4
老子,4
加菜,4
即使,4
第三,4
寿司,4
蒜苔,4
大骗子,4
︶,4
报销,4
做到,4
儿童,4
特多,4
网站,4
脆,4
减免,4
55,4
完胃,4
研究,4
多加,4
小米粥,4
榴莲,4
31,4
及其,4
想到,4
酸梅汤,4
←,4
简陋,4
烤串,4
奇慢,4
另加,4
这单,4
骨肉相连,4
馍,4
光,4
讨厌,4
只放,4
刷新,4
地道,4
·,4
之内,4
玉林,4
五星,4
办公室,4
嘭,4
面都成,4
四喜,4
粗粮,4
白米饭,4
府,4
陀,4
广味,4
信任,3
叮嘱,3
价位,3
太高,3
少太多,3
完款,3
厨子,3
可可,3
留着,3
完后,3
烟头,3
同意,3
sb,3
卤肉,3
大白菜,3
之所以,3
没事,3
油大,3
厚厚的,3
单上,3
赠,3
豆,3
服气,3
汤水,3
肉丁,3
类,3
注定,3
极致,3
脑袋,3
范围,3
点击,3
强,3
超小,3
留,3
单位,3
边上,3
肉全,3
完餐,3
接餐,3
五六分钟,3
透心凉,3
连个,3
面筋,3
杏仁,3
冷天,3
大米粥,3
两单,3
达,3
两张,3
离得,3
胃疼,3
下文,3
low,3
餐都,3
丢掉,3
够吃,3
能力,3
餐多,3
事实,3
平均,3
不停,3
送得慢,3
花都,3
不得了,3
良辰,3
买个,3
八宝菜,3
真真,3
33,3
这时候,3
拿走,3
稍后,3
消费,3
麽,3
愧疚,3
漏油,3
九十分钟,3
美团,3
多长时间,3
既,3
99,3
多订,3
锡,3
纸包,3
汇源,3
来不及,3
酱肉,3
好点,3
待,3
800,3
少放点,3
正确,3
点前,3
快速,3
23,3
咯,3
薄,3
一手,3
四五个,3
上课,3
有意思,3
大片,3
只不过,3
强烈要求,3
男生,3
特少,3
一把,3
快凉,3
白色,3
硌,3
吼,3
楼,3
取得,3
肚子疼,3
本着,3
想像,3
肉太干,3
行不行,3
【,3
】,3
见识,3
两分,3
标价,3
耍,3
发货,3
没关系,3
感情,3
呕吐,3
买来,3
粗,3
两公里,3
商店,3
不香,3
中份,3
没菜,3
槽,3
闹,3
无敌,3
别订,3
精美,3
处,3
140,3
不至于,3
坑害,3
太难,3
烙饼,3
买过,3
显得,3
不难,3
切碎,3
真特,3
不热,3
真慢,3
多个,3
饿到,3
150,3
蛮,3
心里,3
改名,3
OK,3
咱们,3
删除,3
只用,3
09,3
╮,3
╭,3
用来,3
考虑一下,3
改正,3
晕死,3
酸臭,3
不太熟,3
生产日期,3
年,3
找不着,3
甚至,3
交易,3
耽误时间,3
一多半,3
各位,3
黑胡椒,3
亏,3
功夫,3
坐,3
干死,3
比肉,3
档次,3
附赠,3
120,3
解释一下,3
不是太好,3
信心,3
开店,3
改变,3
做饭,3
避免,3
出发,3
不爱,3
尽然,3
多些,3
三口,3
大厨,3
这么晚,3
历时,3
饿着肚子,3
来回,3
急事,3
心服,3
咋样,3
现,3
敷衍,3
多慢,3
大门,3
进来,3
无论,3
饭来,3
黑名单,3
负分,3
女士,3
一肚子气,3
破店,3
设计,3
产品质量,3
追究,3
错过,3
减肥,3
哥哥,3
分不开,3
中饭,3
土豆饼,3
狗屁,3
很早,3
红红的,3
零,3
龟速,3
哥,3
妹,3
饭点,3
然而,3
十五分钟,3
不下,3
tm,3
黏了,3
小点,3
尚可,3
我选,3
是非,3
面食,3
头发丝,3
河里,3
只会,3
宁可,3
六点,3
嗓子,3
真受不了,3
似乎,3
白肉,3
不多,3
浇,3
第二回,3
传说,3
变质,3
好难,3
刚好,3
起送,3
冰箱,3
地沟油,3
真他妈,3
1.5,3
我勒个,3
漫长,3
纸盒,3
啤酒,3
立减,3
送给,3
十块钱,3
七块,3
办事,3
茶树菇,3
商品,3
蔫,3
哪家,3
花卷,3
从此,3
馋嘴,3
蛙,3
泥,3
换菜,3
飞,3
豆腐汤,3
望京,3
招,3
起码,3
星是,3
想着,3
烂掉,3
烫,3
光临,3
薏米,3
睡觉,3
查询,3
挂掉,3
吊,3
九点半,3
品种,3
整盒,3
优化,3
拒接,3
贴心,3
功能,3
水蒸气,3
享受,3
心想,3
家门口,3
色,3
l,3
无话可说,3
回应,3
满分,3
打印,3
创新,3
饿得,3
车坏,3
麻痹,3
烩,3
可口,3
发酸,3
吓人,3
环保,3
带里,3
肉馅,3
透透,3
老人,3
脑残,3
生姜,3
下架,3
行为,3
次单,3
速冻,3
水饺,3
抬头,3
那次,3
换来,3
铁丝,3
葱蒜,3
红豆,3
ω,3
肝,3
扯,3
主食,3
惊呆,3
切,3
偏少,3
过于,3
山楂,3
身边,3
就餐,3
抓饭,3
小笼包,3
女儿,3
开玩笑,3
盐味,3
惊,3
各,3
排骨汤,3
没动静,3
一两,3
够呛,3
店离,3
变味,3
吓,3
忍受,3
担担面,3
耳朵,3
家园,3
数,3
掐着,3
发,3
泪,3
银耳汤,3
今日,3
奉劝,3
张,3
奶酪,3
一等,3
那里,3
银耳,3
梨,3
雪,3
清汤寡水,3
多余,3
餐员来,3
几点,3
好久没,3
提拉,3
米苏,3
很香,3
虽说,3
可怕,3
一分,3
记录,3
甜点,3
实话实说,3
瓶,3
守时,3
鸡腿饭,3
烦死,3
比较忙,3
菌菇,3
改,3
一餐,3
.......,3
翅根,3
一步,3
咖喱饭,3
柠檬,3
死难,3
焦,3
脖,3
黑白,3
三元,3
全家,3
真坑,3
毛肚,3
香蕉,3
一站,3
吐出来,3
空,3
家人,3
吃剩,3
碎片,3
呃,3
青笋,3
两瓶,3
找个,3
收拾,3
异物,3
小鸡,3
省事,3
东北菜,3
血,3
厚厚,3
盒装,3
鱼香茄子,3
油乎乎,3
压,3
一道,3
鸭肠,3
点到,3
立刻,3
太能,3
绕,3
多放点,3
味精,3
放太多,3
九品,3
做错,3
永不,3
拉皮,3
用手,3
三分,3
这位,3
金牌,3
油里,3
猪肝,3
拿错,3
放油,3
餐费,3
鸡汤,3
相对,3
42,3
红莲,3
道菜,3
肉肉,3
纠结,3
炖牛肉,3
浓缩,3
半糖,3
取货,3
41,3
五分,3
无糖,3
瞎话,3
骑手,3
代购,3
咖啡杯,3
"""",3
屋里,3
帕尼尼,3
三杯,3
到位,3
纸杯,3
极少,3
好长时间,3
怎么弄,3
上全,3
诚意,3
欺騙,3
消費者,3
時候,3
01,3
带来,3
有病,3
损失,3
奶,3
始终,3
加多宝,3
拿回去,3
餐用,3
难闻,3
吉野家,3
说饭,3
女店员,3
不划算,3
认路,3
藕,3
仅,3
肉块,3
没饭,3
豆沙包,3
股,3
乌龟,3
病人,3
东南西北,3
干干的,3
餐慢,3
闷,3
偏咸,3
糟心,3
摔,3
休息,3
不给力,3
错单,3
脱脂奶,3
单品,3
棒棒,3
四季豆,3
菜全,3
薄薄,3
少辣,3
牙碜,3
香辣,3
芥末,3
还花,3
这块,3
混,3
清汤,3
蜡烛,3
劲儿,3
边角料,3
烧烤,3
中暑,3
一地,3
意式,3
十足,3
馅饼,3
皇堡,3
牛堡,3
双层,3
熟悉,3
48,3
较差,3
满满,3
绝,3
却说,3
填写,3
菜凉,3
太脏,3
神速,3
73,3
妈蛋,3
表达,3
装菜,3
格子,3
本,3
以,3
儿子,3
参加,3
饭太少,3
订饭,3
敬业,3
不得不,3
这儿,3
嚷嚷,3
其余,3
常识,3
隔夜,3
肝尖,3
赔礼道歉,3
暖,3
半亩,3
园,3
员工,3
桔梗,3
吃少,3
饭到,3
偏贵,3
冰淇淋,3
没醋,3
网络,3
卵,3
金针菇,3
一满盒,3
解决问题,3
重辣,3
色素,3
图个,3
版,3
回答,3
男,3
随意,3
肠胃炎,3
小盒,3
44,3
我花,3
提升,3
订购,3
手上,3
蕨菜,3
韩餐,3
哪有,3
少收,3
豆芽菜,3
米条,3
汉拿山,3
服务质量,3
发誓,3
喝汤,3
送少,3
不太热,3
堂,3
做出,3
单元,3
mini,3
蟹肉,3
蛋羹,3
用时,3
枞菌,3
白米,3
拼盘,3
久久,3
假,3
噢,3
剪,3
年前,3
渝,3
工,3
小鱼,3
,3
身上,3
歺,3
乡巴佬,3
卤鸡,3
蒜苗,3
毛发,3
呵,3
螺狮粉,3
晚凉,2
达到,2
摆设,2
盆,2
别放,2
家常菜,2
协商,2
籽,2
理会,2
四分之一,2
很怪,2
那女,2
鸡肉饭,2
喷,2
面太厚,2
大米,2
饭凉,2
页面,2
肉渣,2
--,2
小强,2
没错,2
一路,2
折腾,2
人性,2
汤和面,2
面是,2
没嚼劲,2
泡发,2
三盒,2
面全,2
热干面,2
-_-#,2
马马虎虎,2
世界,2
糯米,2
可说,2
满满的,2
饿肚子,2
着凉,2
水分,2
沒有,2
这订,2
相隔,2
59,2
外送费,2
座机,2
两步,2
餐凉,2
眼看,2
吃货,2
多多,2
搭,2
说订,2
食用,2
技术,2
从不,2
若,2
不能不要,2
奢望,2
乱写,2
迟送,2
半拉,2
叶,2
惹,2
体会,2
没准,2
创意,2
半到,2
半左右,2
恩,2
大厅,2
肥腻,2
咱能,2
多下,2
从未,2
六七,2
素拌,2
最快,2
04,2
光送,2
岁数,2
几位,2
肌肉,2
离着,2
五道口,2
碰见,2
热情,2
裂开,2
那家店,2
零星,2
偏慢,2
意识,2
全宇宙,2
骂街,2
里头,2
共用,2
上门,2
冒雨,2
据说,2
发出,2
嗒,2
一说,2
坦白说,2
层楼,2
下不去,2
客气,2
门卫,2
纪录,2
虚脱,2
开业,2
上手,2
米粥,2
苦苦,2
不住,2
拆开,2
耍流氓,2
发脾气,2
不信,2
一丁点,2
大南门,2
一生,2
粘糊糊,2
渣子,2
抽,2
放下,2
倒霉,2
培训,2
嘴唇,2
诚恳,2
老师,2
问说,2
我刚,2
收餐,2
店主,2
就点,2
免费,2
响应,2
交代,2
108,2
通,2
说句,2
任性,2
老远,2
近期,2
面对,2
脏脏,2
特慢,2
自行车,2
爆胎,2
娘,2
适应,2
真贵,2
甜甜的,2
不愧,2
楼底下,2
水水,2
难免,2
毛毛,2
死活,2
没定,2
进门,2
当面,2
想起,2
付过,2
二十多分钟,2
带皮,2
略慢,2
大妈,2
楼层,2
横,2
无与伦比,2
拉稀,2
吃不出来,2
光是,2
能用,2
很糟,2
长达,2
现磨,2
索性,2
出外,2
吃坏,2
半成品,2
偏淡,2
厕所,2
很油,2
黑暗,2
消化,2
妹子,2
不开森,2
腐臭味,2
泥马,2
别说,2
青,2
一切,2
太小太,2
客观,2
噎,2
汤凉,2
有辣,2
反映,2
商户,2
部分,2
强烈推荐,2
装粥,2
理所应当,2
粗鲁,2
合口味,2
洒出,2
哪来,2
没写,2
挑出来,2
帮忙,2
一周,2
仅供参考,2
衣服,2
持续,2
不在乎,2
那点,2
还长,2
刺激,2
登,2
红色,2
可口可乐,2
通了,2
没说,2
句,2
遂,2
餐晚,2
喽,2
哈哈,2
▽,2
吐痰,2
弹,2
烟灰,2
人们,2
恨,2
鄙视,2
无良,2
‾,2
ㅎ,2
昨天中午,2
舔,2
脸,2
会少,2
咸淡,2
肉筋,2
偏偏,2
刷酱,2
占,2
全肥,2
分明,2
半熟,2
毛线,2
没粥,2
货到,2
及格,2
时点,2
完毕,2
无数,2
订书,2
钉,2
咬了一口,2
好生,2
生病,2
店子,2
一倍,2
一模一样,2
摆,2
帽子,2
震惊,2
怎么办,2
吞,2
标,2
多人,2
96,2
南门,2
心酸,2
店大欺客,2
从点,2
十一点多,2
太快,2
袖珍,2
多一些,2
懒,2
不送餐,2
超出,2
几条,2
没多,2
进入,2
没意思,2
漂亮,2
号码,2
经理,2
元餐,2
骂骂咧咧,2
根本无法,2
变少,2
烦,2
这回,2
气到,2
我会,2
认,2
强烈建议,2
不免,2
舍友,2
先来,2
没影,2
无果,2
先到,2
黏在,2
白搭,2
屌,2
小块,2
叫唤,2
四,2
说声,2
别来,2
54,2
华而不实,2
哪个,2
素养,2
改改,2
胃病,2
不嫩,2
状况,2
老干妈,2
拯救,2
泡水,2
缺点,2
用料,2
马丹,2
怎,2
完整,2
引起,2
糊糊,2
稀饭,2
放点,2
糊成,2
撤,2
浸,2
最起码,2
十次,2
总算,2
据,2
饥肠辘辘,2
不乐意,2
承认,2
添加,2
可好,2
值班人员,2
喝完,2
今晚,2
预订,2
二次,2
更改,2
不妥,2
事后,2
就订,2
餐袋,2
给出,2
劳资,2
晚来,2
赖,2
大失所望,2
可恨,2
负责人,2
那头,2
很腻,2
淡而无味,2
一盘,2
黑心,2
绿色,2
闲,2
超少,2
大众,2
拿个,2
发了,2
撑,2
头晕,2
六点半,2
这款,2
笑,2
侮辱,2
大半年,2
事件,2
上火,2
葱丝,2
罐子,2
好长,2
纯肉,2
平台,2
困难,2
美中不足,2
小伙子,2
抱怨,2
清华,2
非得,2
对比,2
相信,2
好心,2
网页,2
收下,2
一个月,2
算了吧,2
八,2
炝,2
累觉,2
稀,2
吃腻,2
定价,2
分送,2
送价,2
好快,2
老醋,2
田园,2
放假,2
软塌塌,2
卤,2
囊,2
亲,2
慢不说,2
五,2
回过,2
排队,2
小伙,2
无法忍受,2
眼神,2
鼻子,2
儿时,2
操作,2
有空,2
下错,2
缺德,2
一套,2
请客,2
骨棒,2
姜片,2
姜味,2
松仁,2
我该,2
带点,2
过敏,2
结算,2
咸得,2
送货上门,2
宁愿,2
传统,2
渠道,2
洗净,2
路边摊,2
面太,2
扯淡,2
定个,2
说法,2
诚实,2
服务业,2
瘪,2
颗,2
界面,2
语音,2
感觉不好,2
上边,2
泡成,2
颠簸,2
湿透,2
环节,2
半生,2
耗时,2
在乎,2
参考,2
嫩,2
价格便宜,2
倒扣,2
没吃全,2
实话,2
定下,2
柚子茶,2
催到,2
避开,2
午餐时间,2
积极,2
没发,2
一贯,2
还特,2
三根,2
就行,2
反倒,2
单送,2
班,2
够慢,2
10.30,2
屏蔽,2
忠实,2
凉拌面,2
及第,2
中关村,2
听装,2
椒盐,2
名气,2
拉面,2
业界,2
完单,2
袋里,2
退回来,2
一大块,2
大雨天,2
一吃,2
碗底,2
撒掉,2
五分之一,2
装个,2
加辣,2
加盐,2
想像中,2
鸭卷,2
一边,2
喝水,2
差强人意,2
清清楚楚,2
两条,2
街,2
水份,2
蜂蜜,2
跪,2
发飙,2
银座,2
世纪,2
这店,2
头一回,2
￣,2
木须肉,2
不断,2
旁边,2
换个,2
底下,2
前天,2
口袋,2
羊排,2
时菜,2
拿手,2
及,2
全聚德,2
比差,2
三厘米,2
乘二,2
交了,2
为难,2
绝不会,2
名誉,2
应有,2
好些,2
更差,2
缺少,2
真不错,2
86,2
差多,2
一碰,2
赠品,2
酒店,2
偷懒,2
实体,2
全无,2
滑鸡饭,2
豆沙,2
美味,2
芥,2
蓝,2
拍,2
不用说,2
北菇,2
滑鸡,2
成一,2
小小,2
蒸蛋,2
白白的,2
驼,2
比例,2
东门,2
送回,2
82,2
一元,2
心烦,2
-_-,2
说谎,2
电脑,2
证明,2
多带,2
亏了,2
说肉,2
少量,2
缺斤短两,2
脏兮兮,2
要定,2
面块,2
面放,2
海藻,2
活能,2
娃娃,2
烧二冬,2
糊嘴,2
骨,2
家门,2
忘送,2
焦溜,2
锅巴,2
此单,2
实事求是,2
好几份,2
忌口,2
看不懂,2
股子,2
薯泥,2
胡椒,2
塑料包装,2
点多订,2
正好,2
手掌,2
没敢,2
催餐,2
看出,2
铁板,2
方法,2
总得,2
问送,2
抓狂,2
真快,2
雨,2
柠檬茶,2
凯撒,2
慢字,2
漏发,2
减少,2
成本,2
橙,2
极,2
自从,2
吵,2
识字,2
上班族,2
尴尬,2
面陀,2
俺,2
转到,2
偏,2
pizza,2
钱包,2
扣款,2
交,2
忒,2
满足,2
取出,2
板,2
冰粥,2
牛肉丸,2
十多次,2
最久,2
忍无可忍,2
收钱,2
49,2
坐地,2
起价,2
我加,2
火腿肠,2
五个,2
劣质,2
严实,2
卡布,2
华夫饼,2
惨不忍睹,2
检查,2
丝绒,2
眼瞎,2
抖,2
下楼去,2
偷吃,2
周六,2
计较,2
可见,2
四包,2
病,2
巨难,2
网上支付,2
水煮鱼,2
汤是,2
责任,2
万幸,2
真正,2
路远,2
离店,2
打了个,2
参与,2
餐车,2
一问三不知,2
黑点,2
合理,2
火候,2
落下,2
油豆皮,2
挑起来,2
莲藕,2
很淡,2
太生,2
葡萄汁,2
苹果汁,2
这会,2
西瓜,2
这人,2
眼睛,2
软软,2
微微,2
午餐肉,2
鸭血,2
上吐下泻,2
腹泻,2
回锅,2
鸡精,2
糊味,2
现场,2
标志,2
一百多,2
鱼丸,2
赶,2
值得称赞,2
勾芡,2
不放葱,2
小姑娘,2
查,2
核实,2
姑娘,2
记忆,2
对此,2
太短,2
炒蛋,2
压锅,2
过会,2
膻味,2
挨着,2
中规中矩,2
金手,2
老客户,2
放肉,2
饺子馅,2
粘牙,2
弄翻,2
陷,2
总的来说,2
忍不住,2
发黑,2
酱菜,2
宽,2
名,2
厨房,2
环境,2
发错,2
露,2
饺,2
三十多,2
累,2
包袋,2
毛病,2
三分钟,2
肉多,2
89,2
鲅鱼,2
已凉,2
容量,2
十几个,2
不去,2
海龙,2
之差,2
巨差,2
臭脸,2
天热,2
畅通,2
骚扰,2
十个,2
多年,2
还怪,2
凉掉,2
塑料纸,2
差差评,2
时蔬,2
凑够,2
多回,2
太不给力,2
我配,2
面酱,2
关门大吉,2
从小,2
南城,2
鸭饼,2
无论如何,2
偏重,2
菜味,2
特殊要求,2
四片,2
翅膀,2
腌菜,2
上去,2
武昌鱼,2
托盘,2
押金,2
小葱,2
D,2
凉粉,2
辣子鸡,2
十万八千里,2
川,2
湘菜,2
江浙沪,2
餐后,2
先后,2
七八个,2
撒漏,2
骂,2
措施,2
冷饮,2
錯,2
理睬,2
性质,2
疑似,2
张嘴,2
大半杯,2
奶泡,2
餐员到,2
全化,2
热咖啡,2
O,2
榛果,2
融化,2
一人,2
仍,2
晃,2
星冰,2
乐都,2
玛奇朵,2
卖糖,2
搞清楚,2
就让,2
卡着,2
耗费,2
满地,2
冰乐,2
无效,2
bug,2
再有,2
有時,2
拿放,2
要加,2
先点,2
加奶,2
没补,2
过年,2
回话,2
格雷,2
饭钱,2
三颗,2
除非,2
差得,2
余温,2
鸡饭,2
责任心,2
好无语,2
排饭,2
有种,2
料包,2
再三,2
极度,2
泡饭,2
埋怨,2
美食,2
鸭肉,2
多数,2
胃里,2
不像样,2
无论是,2
软化,2
猪毛,2
教训,2
系统故障,2
我换,2
二点,2
黄包,2
淡些,2
推卸责任,2
厥,2
医院,2
店大,2
太闲,2
虾饺,2
热过,2
古老,2
拍下来,2
被盗,2
三四个,2
清点,2
呼呼,2
同一时间,2
好几块,2
醉醉,2
时汤,2
烤肉,2
切开,2
卷子,2
凑和,2
口重,2
需谨慎,2
一刻钟,2
窝火,2
事故,2
茄条,2
小杯,2
卸载,2
算不上,2
稀释,2
小半杯,2
一半儿,2
加糖,2
美好,2
糟透了,2
单份,2
无法形容,2
两道,2
面粉,2
蛋炒饭,2
鸡头,2
餐是,2
蛰头,2
贴着,2
铺,2
冬瓜汤,2
92,2
没弄,2
一年,2
水太多,2
超多,2
菜价,2
姐姐,2
准确,2
没得,2
诚心,2
什锦,2
归,2
掩盖,2
瓜子皮,2
➕,2
拎,2
描述,2
卖点,2
似得,2
写得,2
招牌菜,2
湖南,2
北方,2
蒜薹,2
少点,2
要不然,2
人点,2
豇豆,2
大蒜,2
室友,2
蚊子,2
馆子,2
怪不得,2
十块,2
辗转,2
多地,2
鸡米条,2
透湿,2
小食,2
多家,2
麦当劳,2
对外,2
卖员,2
没配,2
结婚,2
塞牙缝,2
爆牛堡,2
透明,2
兑,2
薯,2
门铃,2
T,2
︿,2
仓促,2
bbq,2
单层,2
未果,2
七喜,2
堡,2
糊在,2
没满,2
凸,2
傻眼,2
职业,2
员才,2
原本,2
香干,2
鱼刺,2
螺丝,2
牙签,2
侧,2
史无前例,2
汤面,2
红烧鱼,2
不便,2
卡,2
一小包,2
哼,2
代替,2
别针,2
调度,2
普遍,2
换餐,2
水放多,2
能带,2
真糟糕,2
加米,2
关注,2
51,2
做不了,2
山寨,2
麻,2
88,2
装到,2
高度,2
面子,2
说不过去,2
正品,2
恐怕,2
不合理,2
—,2
前者,2
一整,2
那送,2
你妹,2
吃饭时间,2
女孩子,2
标签,2
厚道,2
工作日,2
菜色,2
不快,2
丰富,2
办,2
问送餐,2
男同志,2
同志,2
没叫,2
超值,2
跟着,2
重做,2
一段时间,2
芝麻,2
生硬,2
小虫子,2
理想,2
重视,2
黑芝麻,2
偶然,2
化成,2
挂面,2
沙包,2
菠萝包,2
蜜汁,2
保鲜膜,2
比不上,2
人才,2
煲仔饭,2
不太能,2
忌廉,2
油泡,2
涮,2
限制,2
买好,2
酱牛肉,2
开过,2
纯净水,2
神,2
饭多,2
清河,2
店好,2
定单,2
提价,2
粗心,2
辣子鸡丁,2
难看,2
认为,2
豆子,2
教育,2
丁里,2
醋溜,2
餐未,2
顿时,2
吸引,2
欠缺,2
打错字,2
快递费,2
过节,2
工资,2
出餐,2
一口袋,2
双面,2
瞎,2
一勺,2
天理,2
没得说,2
妥,2
沒,2
荞麦,2
推脱,2
汤勺,2
店方,2
赶往,2
骑,2
很久,2
其,2
到付,2
肚子饿,2
没劲,2
感到,2
罐装,2
完钱,2
哪怕,2
家常,2
一两次,2
逃避,2
烧茄子,2
人多,2
全送,2
开会,2
信号,2
撒谎,2
求,2
受到,2
蛏子,2
补贴,2
感受一下,2
一串,2
能别,2
集体,2
过期,2
岂,2
口气,2
两道菜,2
炒糊,2
双皮奶,2
词,2
IT,2
补给,2
134,2
急,2
好差,2
草莓,2
插,2
口子,2
夏日,2
且不说,2
会订,2
分订,2
我多加,2
我付,2
吃晚饭,2
时饭,2
几把,2
素什锦,2
啥意思,2
大事,2
换人,2
这饭,2
能快,2
送药,2
找不开,2
这活,2
运费,2
鸡米花,2
达标,2
多油,2
好腥,2
瓜条,2
一秒,2
所,2
我先,2
应,2
搓,2
火,2
不正,2
韩国,2
咽下去,2
热汤,2
兜,2
黏糊,2
裙带菜,2
哪样,2
回头,2
味觉,2
关,2
超快,2
名不副实,2
呜呜,2
得罪,2
查查,2
依然,2
职业道德,2
但量,2
节省成本,2
精神,2
爪,2
老娘,2
汤盒,2
饭太硬,2
接错,2
油挂,2
soho,2
不关,2
第二份,2
象,2
两回,2
极小,2
煞笔,2
时侯,2
再付,2
账,2
大人,2
嚷,2
于,2
很腥,2
关于,2
不足以,2
石板,2
唯独,2
固元,2
感冒,2
烦躁,2
图上,2
鲜果,2
冒,2
秋葵,2
折扣,2
费劲,2
这特,2
过桥米线,2
竹筒饭,2
云,2
鲜花,2
穿心莲,2
细致,2
取餐员,2
餐员送,2
装在,2
黑三,2
这钱,2
汤好,2
满碗,2
绿,2
悲剧,2
家订,2
然,2
软绵绵,2
没酱,2
餐来,2
炸薯条,2
糠,2
没肉,2
裂口,2
妥妥,2
送员,2
半只,2
05,2
一用,2
脖子,2
๑,2
•,2
ั,2
็,2
小利,2
桶,2
真棒,2
很气,2
人送餐,2
之外,2
飞红,2
遗憾,2
汤料,2
勾魂,2
混沌,2
放大镜,2
多放辣,2
车子,2
西安,2
最低,2
没盐,2
崔,2
油撒,2
付钱,2
忍住,2
菜太咸,2
咸好,2
咸到,2
;,2
细品,2
还烂,2
时长,2
一大堆,2
＂,2
点面,2
搞不懂,2
清洁球,2
多派,2
办工,2
废墟,2
辣椒粉,2
打错,2
没给,2
排骨面,2
不写,2
停电,2
需求,2
错开,2
种菜,2
走下坡路,2
俞府,2
一度,2
嗓子眼,2
有时,2
吃不完,2
夫妻,2
肺片,2
先定,2
太黑,2
梅干菜,2
规划,2
绿豆汤,2
油泼面,2
review,1
运力,1
狡辩,1
卑劣,1
加收,1
出尔,1
乱收费,1
差太大,1
多块,1
丝瓜,1
十几种,1
规格,1
不加,1
加蛋,1
回回,1
不当,1
个事,1
偏高,1
认不清,1
少开,1
十几块,1
仔鱼,1
椰果,1
封模,1
岩盐,1
奥利,1
奥,1
全错,1
管儿,1
曲奇,1
粉泡,1
大满贯,1
几粒,1
珍珠奶茶,1
龙利鱼,1
没事儿,1
祸害,1
rou,1
一丁点儿,1
代收,1
黑斑,1
碳,1
点单,1
拼,1
配不上,1
香芹,1
莴笋,1
合,1
热门,1
赞过,1
干辣椒,1
拍照,1
稀烂,1
再少,1
成年人,1
五份,1
六分之一,1
餐饮行业,1
面都糊,1
面都断,1
没醋味,1
脏油,1
送差,1
鸡蛋壳,1
脏乱差,1
车翻,1
大坑,1
牛杂,1
吃片,1
老家,1
说别,1
放辣,1
三杯水,1
真速度,1
酒糟,1
汤圆,1
面太干,1
豆干,1
没分开,1
盛放,1
全糊,1
打水漂,1
鸡能,1
记上,1
九块,1
⃣,1
️,1
神经病,1
KFC,1
废要,1
眼里,1
奧尔良,1
太嫩,1
像生,1
填,1
免外,1
从未见过,1
忙碌,1
上网,1
电话号码,1
电梯间,1
科科,1
零下,1
度,1
穿着,1
睡衣,1
拖鞋,1
肉不烂,1
几大块,1
竟,1
状物质,1
浓烈,1
苦味,1
某种,1
化学,1
制剂,1
中卷,1
迷失,1
帝都,1
仙境,1
大肉,1
笑一笑,1
裤子,1
吵吵,1
凉凉的,1
軟掉,1
還是,1
店裡,1
底儿,1
目的地,1
烹饪,1
营销,1
做得好,1
诶,1
心凉,1
怒,1
他妈,1
分配,1
媒体,1
曝光,1
没完,1
餐等,1
级,1
共花,1
胎慢,1
烧高香,1
远超,1
我交得,1
成交,1
我醉,1
告诫,1
众饭友,1
此家卷,1
拔凉拔,1
四十五,1
这破饼,1
脸上,1
记住,1
我叶,1
饭友,1
奔走相告,1
如下,1
包肉,1
真值,1
赶下去,1
楼梯口,1
推,1
一下子,1
就会,1
太查,1
宇宙速度,1
弃之可惜,1
开森,1
客户端,1
177xxxx0056,1
强烈不满,1
数字,1
隐藏,1
不黑,1
贼,1
强制,1
浓浓的,1
焦糊,1
宵夜,1
夜班,1
何况,1
靠谱点,1
两端,1
员明,1
这破,1
种田,1
丢人,1
大美女,1
一个劲儿,1
感,1
完才,1
后会无期,1
10.50,1
我情,1
何以堪,1
死面,1
较厚,1
豆瓣酱,1
以来,1
打击,1
后饼,1
变硬,1
106,1
太度,1
哈,1
好于,1
海枯石烂,1
打架,1
那儿,1
险些,1
中毒,1
肉太肥,1
尽,1
创造,1
167,1
天津,1
麻花,1
买回来,1
肠炎,1
店刚,1
反差,1
大街,1
早起,1
硬货,1
后点餐,1
两三粒,1
这能,1
满怀,1
1.15,1
坐电梯,1
B2,1
两层,1
第一层,1
炖鸡,1
咯牙,1
混着,1
依稀,1
点卷,1
看才,1
干别,1
说句实话,1
交款,1
返还,1
差死,1
凭良心说,1
一吃全,1
挤出来,1
不严,1
汤漏,1
按成,1
剩卷,1
淹没,1
当中,1
网评,1
这时,1
听到,1
那有,1
不论是,1
谱点,1
错楼,1
天再,1
送份,1
原样,1
一快,1
好多天,1
教,1
掂量掂量,1
对待,1
得外,1
打差评,1
阿,1
员连句,1
销量,1
复杂,1
静音,1
抢白,1
凶残,1
餅沒嚼,1
勁,1
太單,1
水流,1
餐者,1
小小的,1
指甲盖,1
另一家,1
才行,1
下课,1
突出,1
做得慢,1
五十八,1
电动,1
忘单,1
116,1
点上,1
抵住,1
说加,1
乖乖,1
惋惜,1
不得已,1
盖浇饭,1
撤出,1
别要,1
次奥,1
丢单,1
第三方,1
岔,1
弄掉,1
,1
把握,1
入驻,1
这关,1
硬得,1
写给,1
谎称,1
对质,1
多近,1
习惯性,1
现金,1
男子,1
扯下来,1
子上,1
口要,1
已付,1
急急忙忙,1
扔出来,1
闹心,1
兮兮,1
回吃,1
石块,1
牙疼,1
吼吼,1
软和,1
上不来,1
店关,1
摊上,1
空碗,1
长见识了,1
中号,1
主打,1
米法,1
面没熟,1
助人为乐,1
原则,1
绿蔬,1
死贵,1
甜肉,1
股虾,1
丑味,1
山东,1
卷上,1
禀,1
太后,1
小心眼,1
丁儿,1
分肉,1
分青,1
绝无,1
三思,1
关键点,1
现种,1
麦子,1
现烙,1
人民大学,1
海淀,1
黄庄用,1
07,1
匍匐前进,1
闭店,1
彼此,1
稀粥,1
臭味儿,1
管够,1
汤露,1
贵且,1
夜里,1
疼醒,1
危险,1
无以复加,1
绕道,1
下本,1
蹲,1
一上午,1
食物中毒,1
昨晚,1
从头,1
尾,1
一百块,1
换零钱,1
不咸不淡,1
差管,1
算账,1
浅,1
几小块,1
肥肥的,1
肘花,1
肠胃,1
来讲,1
腐臭,1
准入,1
米里,1
石籽,1
关张,1
松软,1
111,1
不愿,1
动物园,1
长毛,1
上帝,1
秒,1
楼道,1
上放,1
还超,1
绿色蔬菜,1
商品名称,1
型,1
’,1
噩梦,1
打脸,1
圆盒,1
方盒,1
成都,1
呼吁,1
顺着,1
宠,1
重来,1
铂,1
腥气,1
烫面,1
熬,1
南瓜子,1
大号,1
塑料片,1
瘤子,1
我来,1
菜切,1
摊,1
两星,1
咳咳,1
星给,1
柴菜,1
比老,1
出京酱,1
中等,1
太大颗,1
硬不嫩,1
太柴,1
全漏,1
浪费资源,1
研发,1
那股,1
刺鼻,1
化工原料,1
办公桌,1
介绍,1
一颗颗,1
能换个,1
喝个,1
酱放得,1
退还,1
夹得,1
烤糊,1
阳台,1
丫跟审,1
没点餐,1
加些,1
龌龊,1
停止,1
胃痛,1
办事效率,1
第,1
没底,1
第二口,1
减买,1
皮肉,1
堪,1
粗粗,1
圆葱,1
塑胶,1
此家,1
蛮不讲理,1
创业,1
忙不过来,1
有所改进,1
08,1
餐急,1
急火火,1
忿忿,1
离去,1
没事人,1
抱,1
霸气,1
物美价廉,1
明,1
太招,1
132,1
᷄,1
꒫,1
᷅,1
‸,1
tmd,1
肉多量,1
酱太少,1
迟来,1
有误,1
量略少,1
2014,1
月份,1
僵尸,1
反问,1
我留,1
休息日,1
那天,1
真泥,1
马,1
体积,1
不提也罢,1
幸运,1
买包,1
泡面,1
充饥,1
破产,1
校门口,1
好懒,1
飞虫,1
放酱,1
猪瘦肉,1
百分百,1
哎呀,1
素食主义者,1
熟太过,1
风,1
明朗,1
日子,1
人为,1
没吃出,1
单刷,1
没放酱,1
肥是,1
最难,1
完牙,1
订晚,1
半定餐,1
再凉,1
辣辣的,1
哭昏,1
来电,1
梦游,1
聊天,1
人话,1
眼前一亮,1
层次,1
包裹,1
附带,1
餐巾,1
韧劲,1
风格,1
>,1
<,1
且慢,1
乘以,1
按错,1
俩个,1
光有,1
情怀,1
餐员人,1
两倍,1
各类,1
胡乱,1
编造,1
此外,1
摆明,1
周,1
菜太腻,1
神奇,1
只花,1
乌龙,1
多放,1
第一等,1
默默,1
皮儿,1
吃生,1
运送,1
京香,1
130,1
吉尼斯世界纪录,1
餐员们,1
代金,1
劵,1
这卷,1
不刷酱,1
甜口,1
巨给力,1
北门,1
发臭,1
心思,1
照样,1
X,1
会点,1
皮带,1
真厚,1
西,1
少爷,1
咬一口,1
饶,1
皮太硬,1
手感,1
饱满,1
纸质,1
慢成,1
没往,1
零个,1
多早,1
巨快,1
甜酱,1
杀猪,1
早到,1
落单,1
高大,1
远能,1
区域,1
吐吐,1
后尝,1
补助,1
联合,1
只值,1
与否,1
一百分,1
扮饭,1
回民,1
穿越,1
个点,1
喉,1
天天向上,1
保障,1
一段路,1
河北,1
败给,1
落,1
好容易,1
324,1
110,1
大老爷们儿,1
跟个,1
娘们,1
600,1
大分,1
来到,1
概念,1
订多早,1
出于,1
好奇,1
说真的,1
差品,1
一向,1
气受,1
抽掉,1
单免,1
权益,1
保护,1
发红,1
精力,1
五六个,1
晦气,1
电话费,1
倆,1
20min,1
口碑,1
吃小份,1
妹妹,1
望洋兴叹,1
弟弟,1
欢迎,1
明说,1
顺序,1
抓紧时间,1
长卷,1
糟烂,1
行么,1
一两个,1
最早,1
睡醒,1
午觉,1
市场,1
不忍心,1
几百遍,1
不理,1
恩劣,1
服务水平,1
杀,1
淌,1
能算,1
八块,1
小混混,1
多顶,1
卖东西,1
家坑,1
兩個,1
小時,1
肉糙,1
点半到,1
太有,1
没完没了,1
高价,1
低价,1
前面,1
猜来,1
不饿,1
可有,1
关心,1
金刚钻,1
别揽,1
瓷器活,1
派来,1
标题,1
理念,1
搞好,1
百洁丝,1
吹捧,1
压破,1
ok,1
皮厚馅少,1
敢不敢,1
受够了,1
丫快,1
首选,1
素卷,1
太稀,1
手术,1
难熬,1
四五十,1
又定,1
比你早,1
妈慢,1
误会,1
奇,1
黏牙,1
瞎子,1
罪受,1
拉低,1
但肉,1
日后,1
后台,1
按键,1
太衰,1
餐员太无语,1
前下,1
一不小心,1
蛮横,1
说慢,1
快送,1
一万只,1
奔过,1
朴实,1
风风火火,1
梯到,1
严谨,1
看好,1
力气,1
卷到,1
好烦,1
晚归,1
心态,1
辣菜,1
ε,1
肉太多,1
刚出,1
后小提,1
费用,1
好怕,1
没话说,1
这餐,1
高端,1
大气,1
不禁,1
联想,1
资金,1
场面,1
像翔,1
豆牙,1
辜负,1
大名,1
肉不香,1
错误行为,1
辩护,1
不太香,1
備,1
註,1
kfc,1
肉上,1
卷快,1
算少,1
雞腿,1
沒什麼,1
推薦,1
店裡面,1
太好,1
困難,1
建議,1
後,1
服務,1
別送,1
好腻,1
大爱,1
不贵,1
退成,1
咱忍,1
比卷,1
猪皮,1
好肥,1
大饼,1
券,1
今年,1
放牛,1
一半多,1
柿子椒,1
谈不上,1
13241080757,1
餐员路,1
称赞,1
人来,1
快成,1
工艺,1
美食家,1
帮助,1
萝卜干,1
酸楚,1
解腻,1
小袋装,1
别太腻,1
宇卷,1
一场,1
输赢,1
by,1
人大,1
全靠,1
比合利屋,1
一百倍,1
推迟,1
油漏,1
大部分,1
饼略,1
渣滓,1
说定,1
正面,1
负面,1
塞到,1
鸡骨头,1
相互,1
推诿,1
看餐,1
诚信度,1
嫩嫩的,1
混为一谈,1
命令,1
口吻,1
这一,1
说不出,1
吃凉,1
一问,1
泥块,1
迷你,1
打碎,1
妈妈,1
春饼,1
打到,1
真挺,1
1.30,1
包到,1
兽,1
街上,1
一两块,1
需大份,1
鸡毛,1
太深,1
惩罚,1
游戏,1
真要,1
当饭,1
价格比,1
才定,1
路牌,1
太糟,1
规矩,1
144,1
鲜明,1
堆,1
直愣愣,1
站,1
恒温,1
不配,1
142,1
湿漉漉,1
原始人,1
犯,1
后开,1
冷下来,1
粒冷,1
直,1
往下掉,1
吭声,1
焯,1
油味,1
□,1
逐步,1
竞争力,1
备用,1
起送费,1
啧啧,1
起送价,1
赶脚,1
太入,1
打个招呼,1
详细,1
不太值,1
减到,1
顺手,1
坏坏,1
蜜酱,1
皮全,1
可掉,1
淋湿,1
九寸,1
比萨,1
PIZAZ,1
计划,1
三分之二,1
水钱,1
拨通,1
四盒,1
总定,1
好几样,1
推广,1
补发,1
饭有,1
腐味肉,1
彭伟,1
jb,1
傻缺,1
智障,1
嫁给,1
没人要,1
吓死,1
退才,1
按钮,1
灵气,1
聪明,1
天机,1
进驻,1
调头,1
871,1
封杀,1
脂肪,1
烤鸡,1
光秃,1
太熟,1
蛙里,1
饭粒,1
柴死,1
一拔,1
葱爆,1
进盆里,1
像面,1
豆干里,1
俺村,1
丝里,1
上天,1
四小片,1
春节,1
时写,1
粉太淡,1
香油,1
只来,1
硬邦邦的,1
套装,1
转悠,1
几圈,1
应当,1
中文,1
餐员太差,1
双差评,1
不熟会,1
有毒,1
枣茶,1
真怒,1
一过,1
套配,1
所踪,1
忙线,1
陪送,1
天冷,1
餐领,1
过慢,1
四十五分钟,1
商品质量,1
说凉,1
今早,1
极难,1
使劲,1
早饭,1
吃成,1
扁得,1
破坏,1
好太多,1
一闷,1
闷软,1
产生,1
令人作呕,1
自欺欺人,1
光彩,1
大料,1
黄太吉纯,1
矛盾,1
拉黑,1
黄太吉加,1
屁用,1
全压,1
没拿管,1
十几次,1
皇太吉太,1
不要脸,1
奇差,1
桂圆,1
圣母,1
果,1
飙升,1
好几倍,1
仔细检查,1
加微信,1
转接,1
人工,1
加微,1
信后,1
完烧,1
总得来说,1
漂着,1
泡沫,1
请假,1
试过,1
大大小小,1
耽搁,1
深色,1
配合,1
流出,1
湿纸巾,1
周围,1
擦拭,1
伴着,1
快当,1
长长,1
离开,1
原,1
疲塌,1
该店,1
卖外,1
黄家,1
果盒,1
非饭,1
一切都是,1
太忙慢,1
全给,1
搞个,1
互联网,1
叼,1
烟,1
呸,1
还定,1
人间蒸发,1
截单,1
巨大,1
倍,1
防水纸,1
滑,1
不太脆,1
摊儿,1
记得,1
上加,1
粉冲,1
足足有,1
开口,1
朝下,1
袋中,1
毛呢,1
报价,1
成果,1
吃放点,1
生抽,1
没选到,1
火星,1
银子,1
一个班,1
果子,1
气急败坏,1
不杂,1
七八分钟,1
以内,1
挑食,1
咸点,1
餐量,1
@,1
时少,1
想吐槽,1
葱花,1
变小,1
杳无音讯,1
楼上楼下,1
好几趟,1
理论,1
皇太极,1
预想,1
半死,1
糊满,1
干辣,1
摊个,1
事要,1
门牌号,1
门禁,1
挤成,1
绝壁,1
配着,1
稍辣,1
告,1
期待值,1
脚,1
摊加,1
包辣条,1
不咸,1
11.20,1
没带餐,1
12.50,1
老婆,1
气炸,1
缘尽,1
水果盘,1
葡萄,1
一个双,1
菇,1
保鲜,1
成泡,1
不太差,1
给切,1
131,1
定晚,1
加个,1
撒上,1
塑料杯,1
没汽,1
订是,1
加快,1
白饼,1
双菇,1
会腻,1
不佳,1
饮食,1
待遇,1
软塌,1
外撒,1
上留,1
但少,1
偏油,1
另类,1
灾难,1
清新,1
甜到,1
忧伤,1
气儿,1
自提,1
碗侧,1
三单,1
下别,1
他人,1
吹,1
仿料,1
只够,1
铺层,1
越野,1
飙车,1
一旦,1
放凉,1
预付款,1
固体,1
都匀,1
炸茄盒,1
靠着,1
空间,1
铝箔,1
划破,1
辣着,1
一星半点,1
放屁,1
亮点,1
真苦,1
红枣,1
烤羊肉串,1
多度,1
叹为观止,1
哇塞,1
出乎意料,1
重复,1
太极,1
勾结,1
诈骗,1
315,1
上架,1
订上,1
分种,1
加不起,1
个儿,1
烂泥,1
85,1
七点钟,1
下属,1
总结,1
冒菜,1
巨麻,1
倒入,1
太棒了,1
东直门,1
美好记忆,1
里定,1
硬地,1
吞咽,1
厨,1
呆,1
来得及,1
值钱,1
没少放,1
葱花饼,1
油饼,1
尖,1
员不进,1
园区,1
咸不酸,1
一眼,1
更烂,1
黄瓜皮,1
剩点,1
新换,1
卖出去,1
蒸馏水,1
提倡,1
阻挡,1
就化,1
大杂烩,1
小坛,1
十九块,1
一小块,1
长宽,1
直观,1
住院,1
电联,1
详情,1
白灼,1
芥兰,1
最想,1
宫爆,1
她们,1
败,1
人辣死,1
湄洲,1
没吃头,1
秋,1
梨汁,1
200ml,1
抵,1
死不承认,1
见赖,1
赶到,1
实实在在,1
87,1
准,1
色香味,1
比店,1
迟迟,1
茄丁,1
出锅,1
香酥鸡,1
现买,1
吃手,1
好过,1
没法用,1
板栗,1
烧,1
全托,1
挨饿,1
连锁店,1
点米,1
发财,1
盐放太多,1
太凉,1
少少少,1
粮,1
熬出来,1
上撒料,1
拜服,1
上海,1
本帮,1
寡淡,1
婴幼儿,1
定量,1
蒸饭,1
小而精,1
说面,1
成饼,1
灌,1
蟹黄,1
全身,1
鲜肉,1
小笼,1
检查一下,1
还外,1
涼,1
湯涼,1
万年青,1
吃翔,1
凉点,1
跟进,1
星期,1
问能,1
用石,1
锅煲,1
北化北,1
中医,1
北服,1
学子,1
吐血,1
冷饭,1
骨汤,1
煮蛋,1
用上,1
三选,1
烩面,1
说餐,1
更何况,1
蒸好,1
慎点,1
超爱,1
不道德,1
道德,1
一百米,1
一听,1
繁忙,1
拨,1
我算,1
单是,1
事物,1
玉米粒,1
蛋饼,1
带酱,1
17.25,1
送要,1
问人,1
餐员问,1
赢,1
餐员闲,1
补充,1
蛋太生,1
好块,1
对得起,1
元要,1
哪到,1
又查,1
减钱,1
受人,1
忘放酱,1
软点,1
超多饭,1
1r,1
这石锅,1
扮拌,1
白菜心,1
肚丝,1
斤两,1
一克,1
骗银,1
团购,1
六楼,1
外买,1
省心,1
不省,1
省力,1
宗旨,1
经验,1
没法子,1
毫无,1
汤横,1
炒猫,1
有味,1
醋放多,1
巨咸,1
那晚,1
筷乐,1
鸭汤,1
散发,1
敢喝,1
充当,1
五十五,1
蒜蓉,1
菜油,1
大过年,1
羊棒,1
合计,1
碎渣,1
速递,1
级慢,1
点来,1
太省,1
带鱼,1
太惨,1
腰子,1
没刷酱,1
丝切,1
进行,1
排粉,1
水少,1
放汤,1
／,1
洒到,1
袋底,1
沾满,1
两边,1
决,1
不太像,1
老汤,1
捞饭,1
干丝,1
女孩,1
冲开,1
送出,1
水呼里,1
不合,1
香辛料,1
蛋挞稀,1
没烤,1
126,1
听见,1
实在话,1
遍通,1
这定,1
量力而行,1
软掉,1
点多到,1
2.30,1
170,1
法式,1
分点,1
先来后到,1
附图,1
附上,1
多忙,1
想干什么,1
嘎巴,1
食品卫生,1
先给,1
收着,1
干开,1
全撒所料,1
成下,1
目测,1
缩小,1
粒用,1
焦黄,1
伴酱,1
看似,1
条款,1
果粒,1
闺蜜,1
平日,1
烤熟,1
美汁源,1
最爱,1
蛋挞凉,1
有木有,1
签个,1
协议,1
校门,1
合利屋,1
巨小,1
葱香,1
段时间,1
力度,1
巨巨,1
稍低,1
饼干,1
活动期,1
折扣率,1
最高,1
出票,1
夸下,1
薯饼,1
刚取,1
额点,1
最小,1
新来,1
淡淡的,1
口轻,1
再到,1
两把,1
一万次,1
爱忍,1
忍去,1
面太硬,1
萧,1
瓜子壳,1
缠,1
蓝色,1
热得,1
加水煮,1
跩,1
这样儿,1
批萨,1
很全,1
意,1
减单,1
凑单,1
热带雨林,1
BBQ,1
薯蓉,1
太湿,1
一角,1
02,1
原谅,1
要订,1
批萨凉,1
电子,1
62,1
含饭,1
货真价实,1
安粒数,1
新年快乐,1
小作坊,1
蝴蝶,1
血丝,1
怪难吃,1
大瓶雪,1
中奖,1
瓶盖,1
灌装,1
就加,1
汤一看,1
介么,1
抑郁,1
海陆,1
满眼,1
海在,1
大门口,1
眼睁睁,1
四楼,1
杯底,1
差爆,1
双重,1
拿铁太,1
刀叉,1
杯奶,1
吐司,1
or,1
吃华夫,1
猴子,1
乌七八糟,1
捧,1
拿稳,1
点够,1
结过,1
机灵,1
祝你们,1
精明,1
后果,1
一片片,1
红点,1
分定,1
歪,1
砸门,1
敲,1
亏得,1
滴滴答答,1
不变,1
我取,1
脏话,1
汤要,1
海苔,1
沙发,1
微信,1
红包,1
三笑,1
算上,1
千岛,1
给你个,1
自个儿,1
#,1
‵,1
′,1
只点,1
放菜,1
排少,1
焉,1
哎服,1
丫有,1
生生的,1
不齐,1
速冲,1
零五,1
时多,1
东坡肉,1
再不来,1
龙珠,1
鱼虾,1
误,1
还义,1
言辞,1
汤菜,1
丁放,1
丁要,1
放葱,1
柠香,1
点弄个,1
弄个,1
虚假,1
我认,1
加价,1
忘装,1
多要,1
個,1
餸,1
壞,1
绝味,1
脖少,1
任,1
就值,1
三十块,1
而白,1
没睡,1
麻将,1
菌类,1
雨天,1
大大,1
诺大,1
我忍,1
苦菊,1
中指,1
一支,1
组成,1
全他,1
与川,1
成元,1
川成园,1
羊腿,1
皮鞋,1
按份,1
南非,1
脐橙,1
剥开,1
橙子,1
红柚,1
白柚,1
凤梨,1
不甜,1
蜜桔,1
难免会,1
石榴,1
不纯,1
芒果,1
差超差,1
细,1
退换,1
顾不上,1
油太腻,1
外带,1
比较满意,1
胶带,1
眼科,1
宽面,1
写出,1
还成,1
对儿,1
一盆,1
黑酱,1
面目全非,1
焦黑,1
水状,1
胆汁,1
肉里,1
整盆,1
黑色,1
菜里点,1
一个整,1
烂乎乎,1
180,1
装给,1
过油,1
新鲜度,1
那辣,1
弹性,1
小摊,1
盘子,1
酱太多,1
确,1
晚去,1
超差评,1
哇哇,1
地瓜,1
饿透,1
圆,1
须,1
图案,1
麻椒,1
少发,1
免单,1
少放,1
餐员太,1
找人,1
带上来,1
救命,1
能调,1
多大,1
退热,1
贴要,1
二十多块,1
心真,1
小抄,1
破纸,1
太屎,1
整成,1
81.5,1
102,1
成水,1
钱到,1
冷冰冰,1
尺寸,1
不必,1
早已,1
已然,1
菜码,1
传图,1
啥子,1
花菜,1
没盖严,1
轰轰,1
天亮,1
挑葱,1
挑到,1
天黑,1
太焦,1
趋向于,1
状,1
层状,1
打交道,1
收个,1
鸭蛋,1
拨壳,1
鸭黄,1
插进,1
逗乐,1
那明明,1
汤特,1
不烂呼,1
烟味,1
一卖,1
当碗,1
装钱,1
身为,1
得莫利,1
炖鱼,1
鱼鳃,1
大梁,1
没拌,1
层面,1
朝鲜,1
对金手,1
脊骨,1
晚一点,1
卖出,1
数最多,1
可太,1
面裹,1
重度,1
出售,1
造假,1
粘到,1
看不出,1
太脆,1
特点,1
很多很多,1
油叫,1
说不出来,1
一阵,1
汁儿,1
酱骨,1
褶皱,1
顿鱼,1
边,1
光给,1
饭要,1
川香,1
时笋,1
口味重,1
究竟,1
踢皮球,1
我行,1
骗钱,1
付账,1
两人份,1
一人份,1
锅塌,1
称职,1
拿上来,1
粘着,1
虫,1
热炒,1
炒合菜,1
炒豆皮,1
指导,1
收外,1
冰手,1
完善,1
负,1
亿万,1
指责,1
反省,1
责怪,1
金饺,1
领了,1
拉慢,1
舍不得,1
发热,1
西芹,1
67,1
饿过,1
别送,1
虾米,1
分前,1
没馅,1
103,1
太腥,1
脸皮,1
痛,1
不明,1
青斑,1
砂子,1
字数,1
后定,1
后经,1
中技,1
有多远,1
掂量,1
巨款,1
遇见,1
人牛,1
哄哄,1
正是,1
抚慰,1
堪比,1
驾校,1
教练,1
一点钟,1
收货人,1
紧急事件,1
上查,1
固定,1
所点,1
热线电话,1
无用,1
一锤子买卖,1
面粗,1
字差,1
吸取教训,1
出名,1
不酸,1
丁用,1
破肉,1
虾酱,1
炒开,1
虎皮,1
差极,1
偏酸,1
土匪,1
肉段,1
柴火,1
别特,1
尼,1
较劲,1
没凉,1
几十次,1
这大,1
不乎,1
欺人太甚,1
大意,1
拿成,1
精选,1
空盒,1
丁送,1
咬碎,1
能换,1
一换,1
绿叶菜,1
冻凉,1
不折离,1
实用性,1
底全,1
选完,1
元算,1
一口咬定,1
一身,1
改为,1
来装,1
静是,1
徒有,1
虚表,1
凉茶,1
收干点,1
稍,1
这大牛,1
老点,1
混事,1
走味,1
开个,1
吊烧,1
鸽子,1
烧鸽,1
心理准备,1
拳头,1
能装下,1
要钱,1
确乎,1
长大,1
情节,1
当年,1
炉,1
不复存在,1
职工食堂,1
真叫,1
先炸过,1
超薄,1
放心,1
院里,1
总在,1
火锅店,1
比好,1
白点,1
海米,1
鱼香,1
八片,1
别开,1
粉红色,1
怪异,1
被染,1
质问,1
包粉,1
渣儿,1
一辈子,1
送大,1
说查,1
新鲜肉,1
救,1
整顿,1
公分,1
店无语,1
不传,1
鸡杂,1
杨铭宇,1
菜贵,1
问过,1
架子,1
酒精,1
没问,1
烤鱼,1
真知,1
摊鸡蛋,1
较足,1
顾虑,1
硬物,1
鸭嘴,1
草叶,1
样式,1
清洗,1
一顿饭,1
运气,1
这肉切,1
大得,1
生平,1
这鱼,1
香锅里,1
流汗,1
走时,1
能比,1
肉太辣,1
更辣,1
要用,1
重庆,1
无香,1
膻气,1
混合,1
图文,1
101,1
豆奶,1
提着,1
好几家,1
铁加,1
出门在外,1
八次,1
体感,1
长见识,1
地儿,1
剩余,1
一大部分,1
被子,1
喝进去,1
热巧克巧,1
惨痛,1
黑森,1
全糖,1
很甜,1
負責任,1
索赔,1
没人来,1
没奶,1
那杯,1
冰少,1
外地,1
喝少,1
行嘛,1
糖包,1
杯示,1
放糖,1
星水乐,1
时才,1
冷热,1
瓶装,1
__,1
问苍天,1
卡布奇诺,1
纯拿铁,1
托,1
两站,1
这绕,1
拉倒,1
全泡,1
人比人,1
货比,1
货得,1
没次,1
铁太甜,1
晃悠,1
一格,1
加区,1
75,1
已湿,1
有用吗,1
进楼,1
化完,1
也化,1
再接,1
图画,1
瞄来瞄去,1
购物,1
十多个,1
去餐,1
申请,1
四杯,1
从今以后,1
茶星,1
但点,1
中杯,1
不冷不热,1
真难,1
大坨,1
鞠躬,1
冰太多,1
撒成,1
咖啡色,1
四分之三,1
不如意,1
有钱,1
品位,1
三流,1
街店,1
无可救药,1
累感,1
发图片,1
汤子,1
服務質量,1
熱的,1
這種,1
高格調,1
咖啡店,1
們,1
做爛,1
冰品,1
飲料,1
水味,1
星冰樂,1
喝到,1
不忍,1
目睹,1
杯脏,1
带奶,1
降低,1
备注栏,1
怀着,1
杯星,1
杯型,1
补钱,1
撒光,1
订货单,1
没说的,1
骑马,1
venti,1
tall,1
张银平,1
全湿,1
半截,1
大洞,1
转头就走,1
奶包,1
找点,1
运输,1
噱头,1
签收,1
来后,1
茶味,1
鸟巢,1
加图,1
无奶,1
放冰,1
困,1
煮烂,1
悠唐,1
碎头,1
点大份,1
一盘散沙,1
特辣,1
五香,1
门关,1
锁,1
闻声,1
卧室,1
四处张望,1
手机号,1
关着,1
搬动,1
门把手,1
53,1
催得,1
收回,1
没入,1
超次,1
皮皮,1
饭真,1
訂單,1
超級,1
操作员,1
过久,1
饭少菜,1
更少,1
土腥味,1
作弊,1
安检,1
百荣,1
南站,1
三百,1
进展,1
追,1
大姐,1
近要,1
多分,1
饭太差,1
饭太多菜,1
太特妈,1
菜带,1
大大的,1
撑死,1
监督,1
制度,1
督促,1
跟踪,1
若干,1
肉块加,1
畅,1
不大好,1
内疚,1
餐有,1
调味汁,1
汤儿,1
扮葱,1
要收,1
我管,1
掏钱,1
嗮,1
里外,1
忽视,1
送太早,1
猪耳,1
药味,1
豌,1
杂面,1
小面,1
菜太差,1
叽,1
杆儿,1
整大点,1
埋,1
数过来,1
水下,1
外星人,1
粉蒸,1
够味,1
没动,1
老头子,1
开放,1
全塌,1
妈个,1
蒸饺,1
脸要,1
十一点左右,1
次快,1
官方,1
给力,1
悄悄,1
有点像,1
万恶,1
优惠券,1
逼养,1
操行,1
败絮其中,1
反扣,1
货才,1
货品,1
冰激凌,1
歪七扭八,1
冰袋,1
杯用,1
植物,1
鸡心,1
盒菜,1
之下,1
ca,1
公交,1
二个,1
迟钝,1
胡焦,1
钱扣,1
爸爸,1
电话响,1
提早到,1
半订,1
糊塌子,1
说接,1
大脸,1
楞楞,1
学校食堂,1
哈喇,1
盖住,1
饭味,1
总部,1
快给我,1
价贵,1
加烂,1
餐员不分,1
忙音,1
查出,1
照单全收,1
刷碗,1
油油的,1
好点行,1
全堆,1
半边,1
双截棍,1
改行,1
送人后,1
纸浆,1
没人管,1
钟爱,1
输液,1
毫不犹豫,1
大跌眼镜,1
毫不理会,1
突突,1
出不去,1
逗点,1
半分,1
小半,1
被迫,1
欺人,1
极品,1
枸杞,1
正餐,1
慢过,1
鸡巴,1
四角,1
小饼,1
趁早,1
你们好,1
小太多,1
欺客,1
吃贵,1
次餐,1
实时,1
关业,1
肉酸,1
摔碎,1
当球,1
踢,1
问及,1
答,1
曰,1
车辆,1
首要,1
报警,1
分批,1
四五块,1
小土豆,1
短点,1
坏掉,1
吃请,1
少盐,1
跟前,1
完会,1
软饼,1
串味,1
必定,1
面巨硬,1
特咸,1
要宏,1
王府,1
一块块,1
合菜,1
豆包,1
比冷,1
养生,1
蔬,1
出人命,1
试一试,1
必到,1
面太水,1
惠顾,1
很闲,1
规定,1
咕咾肉,1
付现金,1
折半,1
暂且,1
不提,1
账号,1
定出,1
真有,1
能耐,1
嘞,1
恶评,1
好次,1
扳回,1
硬生生,1
小俩,1
94,1
人累,1
漏掉,1
跑腿儿,1
手提袋,1
难得,1
电影,1
开场,1
洒成,1
奶球,1
一对一,1
茶水,1
发腻,1
别跟我,1
1.3,1
共计,1
冰摇,1
红梅,1
黑加仑,1
化得,1
无影无踪,1
铁送,1
那洒,1
洒满,1
也罢,1
目录,1
价差,1
需不需要,1
方糖,1
配置,1
浸透,1
特有,1
理说,1
浸到,1
蛋糕盒,1
制作人员,1
冰块,1
喝凉,1
先送,1
当初,1
grande,1
挖出去,1
四五次,1
可不可以,1
白写,1
开着,1
尖叫,1
替补,1
炸老,1
切块,1
血肠,1
软炸,1
鲜蘑,1
比菜,1
员不送,1
绳子,1
定金,1
手勺,1
呛,1
踏踏,1
这样的话,1
泡饼,1
着量,1
分到,1
二百五,1
此,1
头回,1
勾汁,1
锅肉,1
酱豆腐,1
大师傅,1
轮,1
粒儿,1
餐员晚,1
青花,1
球丝,1
蝉蛹,1
八只,1
少肉量,1
手数,1
捞汁,1
想来,1
钵,1
仔饭,1
一锅,1
出菜慢,1
员蛮,1
松子,1
不顾,1
无限,1
付现,1
一分货,1
熘肝尖,1
说少辣,1
葱油饼,1
135,1
贝勒,1
晒,1
礼拜,1
大量,1
没减,1
我尝,1
不敢相信,1
安全卫生,1
身体,1
项目,1
未送,1
蕃茄,1
配错,1
连勺,1
特别强调,1
加汁,1
造成,1
轮班,1
一个桶,1
喂猪,1
甘水,1
没勺,1
单个,1
混放,1
疏忽,1
单放,1
难到,1
剔除,1
吃得下,1
不问,1
休息时间,1
我饭,1
干瘪,1
給,1
尽职尽责,1
递,1
三文鱼,1
长送餐,1
汤鱼,1
数得,1
清,1
几年,1
热线,1
米发,1
就然,1
放全,1
这年头,1
172,1
比望,1
湘园,1
质素,1
辅料,1
陈米,1
参合,1
湘西,1
熏肉,1
逃荒,1
扣门,1
好笑,1
抠门,1
两重,1
好辣,1
算个,1
驴肉,1
种地,1
扒拉,1
单都,1
油麦,1
编出来,1
寄,1
先后顺序,1
答说,1
泥巴,1
量大送,1
倒胃口,1
再吐槽,1
吸水,1
膨胀,1
真醉,1
真赢,1
看送,1
法子,1
煎成,1
子刀味,1
餐饮,1
大失,1
得点,1
莫名,1
山有,1
青岛,1
龙虾,1
要火,1
股骚味,1
配图,1
太薄,1
桂鱼,1
荷塘,1
下着雨,1
微麻,1
超麻,1
海螺,1
略怪,1
再换,1
需,1
蛋卷,1
王给,1
错货,1
员人,1
超赞,1
补货,1
几份,1
命根子,1
打湿,1
申诉,1
年龄,1
不慢,1
写多要,1
没管,1
王出餐,1
德克萨斯,1
烟熏,1
回生,1
接点,1
71,1
全完,1
偏低,1
大力,1
拍门,1
报丧,1
捂化,1
攥,1
递给,1
纸团,1
压到,1
没样,1
变软,1
买错,1
中薯,1
没晚,1
cheese,1
CBWD,1
开封,1
膜,1
塑料盖,1
连酱,1
干嚼,1
以下,1
装餐,1
团餐,1
当回,1
好人,1
一部分,1
炫辣,1
退保,1
再过,1
已不热,1
微波,1
标识,1
全不对,1
选用,1
水洒,1
两趟,1
该脆,1
送享,1
踩,1
真小,1
装进去,1
胚,1
湿软,1
男性,1
递过来,1
交流,1
错路,1
王差评,1
送鸡条,1
该化,1
声音,1
半桶,1
哈气,1
餐员别,1
捏,1
王都,1
68,1
西天,1
取经,1
股药,1
请速,1
没气,1
糖水,1
提前完成,1
牌,1
餐少,1
冷透,1
潮坏,1
纸包装,1
年纪,1
均,1
淘宝,1
付减,1
这么着,1
抢生意,1
少一,1
｀,1
´,1
挤烂,1
芬达,1
撒到,1
浸得,1
湿答答,1
碎屑,1
撤销,1
周期,1
十天,1
信用,1
薯條,1
裏,1
连锁,1
做味,1
范个,1
懒想,1
太肉,1
鸡柳软,1
帐,1
吓唬人,1
明细,1
跳单,1
全没,1
点赞,1
脾气好,1
再取,1
猛猛,1
嘻嘻,1
起点,1
餐员出,1
单号,1
不美观,1
油汪汪,1
五十多,1
在于,1
朝着,1
目标,1
指示,1
方向,1
关系不大,1
装够,1
漏放,1
大薯,1
任何借口,1
一到,1
穿,1
最心,1
煲,1
嚓,1
熟门熟路,1
没拿水,1
转派,1
铁板烧,1
火大,1
面面,1
无脆,1
空壳,1
花蛤,1
爪子,1
扬州,1
小馒头,1
鲫鱼,1
直视,1
小小鱼,1
鱼缸,1
锦鲤,1
鱼肉,1
薄薄的,1
花蛤和嗦,1
螺,1
有沙,1
土腥味儿,1
特快,1
只退,1
鲫鱼汤,1
咕嘟,1
牲口,1
做饭吃,1
鱼籽,1
放图,1
闷坏,1
羊杂,1
汤变,1
砖块,1
TMD,1
刺,1
单一,1
称,1
冒冒失失,1
追踪,1
出车祸,1
请谅解,1
银行卡,1
诅咒,1
嘴太损,1
很赞,1
食品质量,1
必胜,1
宅送,1
分成,1
两半,1
彼岸,1
港丽,1
溶掉,1
太抠,1
面给,1
用不着,1
颠散,1
餐园,1
处在,1
固态,1
自备,1
弄乱,1
腊肠,1
这货,1
员路,1
蟹,1
说量,1
方便快捷,1
锋利,1
戳,1
出血,1
强行,1
鲶鱼,1
把把关,1
亲自,1
饭送,1
成大排,1
有所改善,1
行程,1
目前为止,1
结构,1
给我发,1
三只,1
蚂蚁,1
几颗,1
极低,1
早不说,1
赤裸裸,1
经济,1
夹生饭,1
虾线,1
仔鸡,1
加工资,1
吃丽华,1
票,1
补票,1
晕菜,1
太苦,1
只见,1
光见,1
组织,1
牢固,1
118,1
没好,1
预览,1
替,1
分装,1
滥竽充数,1
磨蹭,1
腥臭,1
催说,1
税金,1
偷税漏税,1
將近,1
一個,1
半小時,1
不太熱,1
因為,1
網上,1
餐費,1
你們,1
任意,1
遲到,1
說,1
嗎,1
分来,1
顺口,1
用丽华,1
贵宾卡,1
过季,1
三十元,1
看上去,1
来太早,1
不牙,1
非碎,1
不论,1
或官,1
几种,1
略素,1
完美,1
炸鸡腿,1
人订,1
太素,1
荷包蛋,1
新年,1
第一餐,1
官网,1
小方块,1
为主,1
杏鲍菇,1
窝,1
笋,1
薄鸡片,1
可怜巴巴,1
躺,1
I,1
You,1
传到,1
瞻仰,1
学习,1
留点,1
谈,1
分担,1
鸡肋,1
真空,1
营养,1
下饭,1
绝大多数,1
吐掉,1
包盐,1
放进,1
一再声明,1
第几次,1
北三环,1
南五环,1
不辣饭,1
叔叔,1
官,1
网订,1
天壤之别,1
赶不上,1
慢订,1
人气,1
最旺,1
做主,1
换肉,1
刷锅,1
变差,1
稍稍,1
改定,1
屮,1
艸,1
芔,1
茻,1
量够,1
没要,1
贴,1
几,1
几素,1
找麻烦,1
挑动,1
老有,1
那好,1
但外,1
快点儿,1
有次,1
帮子,1
baidu,1
能查,1
变化,1
表示歉意,1
半素,1
再辣点,1
好几十年,1
老牌子,1
亲民,1
讲究,1
字样,1
刚定,1
变贵菜,1
小苏,1
不等量,1
菜太多,1
开具,1
配套,1
优惠活动,1
写多加,1
调节,1
盛满,1
本应,1
浪费时间,1
晚于,1
大雨,1
名过其实,1
名物,1
改不了,1
凉嗖嗖,1
顶,1
牛肉饼,1
没小拇哥,1
家点,1
无数回,1
千层饼,1
家葱,1
保证质量,1
后换,1
大包,1
没点,1
小宝宝,1
私人,1
枣核,1
个牙,1
沫,1
稍慢,1
长长的,1
难度,1
蒜味,1
面和汤,1
自营,1
动辄,1
屋子,1
了解,1
清爽,1
肉太柴,1
班戟,1
滑蛋,1
炒肉量,1
这开,1
居民楼,1
比刚,1
时差,1
展会,1
满处,1
跑出去,1
好远,1
饭外,1
哈拉,1
放些,1
适宜,1
中学,1
卤子,1
叉烧,1
烧鸭,1
好脏,1
海参,1
巴西,1
修车,1
汗,1
精细,1
小排,1
蕃茄酱,1
极柴,1
肉贵,1
白菜叶,1
舍得,1
拿水,1
清水,1
煮面,1
汤挺,1
眼泪,1
唧唧,1
豆付,1
餐时,1
没细,1
査,1
贵妃,1
宫,1
爆鸡,1
巨甜,1
狂汗,1
餐员非,1
令人发指,1
有失,1
义无反顾,1
剔过,1
小牛肉,1
我晕,1
太水,1
跟生,1
含量,1
挑菜,1
香嫩,1
太长太,1
略贵,1
水瓶,1
部,1
APP,1
锻炼,1
牙口,1
鸡煲,1
丫见,1
多退少补,1
鸡屁股,1
干炸,1
梧桐,1
东边,1
个头,1
油油,1
巨太大,1
这买,1
乱炖,1
丁太,1
严重不足,1
合伙,1
欣慰,1
掏,1
还落,1
儿太甜,1
几分,1
装鱼,1
盒要,1
批发,1
分钱,1
硬塞到,1
这上,1
撕大拌,1
小米,1
味太淡,1
蜀,1
湘,1
巨油,1
喝油,1
不酸不甜,1
能省,1
省掉,1
不在定,1
再也不能,1
想不出,1
涩,1
胡,1
筋多,1
盒太次,1
猪头肉,1
孕妇,1
粗心大意,1
乱,1
油死,1
很次,1
但米,1
笋丝,1
指甲,1
恐怖,1
滴滴,1
很久没,1
来取,1
107,1
玉米饼,1
消去,1
心头,1
现如今,1
人哈,1
235,1
205,1
93,1
差额,1
推说,1
抽烟,1
停,1
马路边,1
胡说,1
装错,1
将就一下,1
认同,1
启动,1
路痴,1
模式,1
即便,1
摸不到,1
拿点餐,1
详单,1
凉水,1
每种,1
每回,1
总金额,1
付费,1
超乎,1
牛腩饭,1
一坨成,1
都还没,1
道路,1
发短信,1
天真,1
管理层,1
干活,1
拒绝,1
条撒,1
气人,1
单收,1
单面,1
罐头,1
特想,1
烂菜,1
末了,1
有肉,1
姜当,1
钱收,1
凉勒,1
半肉,1
订差,1
标准,1
价太,1
污损,1
疲惫,1
里十来,1
灰常,1
饭比凉,1
条里,1
凉溫,1
饭少,1
荞麦面,1
饭蒜味,1
可要,1
记错,1
看不看,1
骑上,1
饭点订,1
兄弟,1
还算,1
附,1
两元,1
好几,1
安慰,1
饭会,1
板好,1
多此一举,1
哑巴,1
活生生,1
洗过,1
略微,1
查不到,1
同一个,1
说得过去,1
平淡,1
拒不补,1
辣面,1
版本,1
过低,1
吃定,1
小萝卜,1
下手,1
友善,1
某个,1
铁门,1
里取,1
还付,1
多份,1
跟华茂,1
那家,1
出彩,1
黄油,1
糊巴,1
干巴,1
外婆家,1
抢,1
这一单,1
西多士,1
大伙儿,1
一嘴,1
不对味,1
新食材,1
三番五次,1
强买强卖,1
牌子,1
带醋,1
粘住,1
吃醋,1
白着,1
五体投地,1
坑点,1
葱烧,1
服务到位,1
炒粉,1
好几回,1
一罐,1
麻死,1
这手,1
购餐,1
血和泪,1
七种,1
肉燕,1
三四样,1
懵,1
恶意,1
特次,1
没搁,1
不搁,1
陪笑,1
餐埃顿,1
熊,1
耍心眼,1
幌子,1
总会,1
比如,1
没脑子,1
楼号,1
重样,1
吖,1
内外,1
冻豆腐,1
装好,1
没取,1
量变,1
双,1
常常,1
楼门口,1
推辞,1
不太对,1
自封袋,1
配带,1
够快,1
拖成,1
几串,1
动,1
场子,1
写份,1
两串,1
红柳,1
三串,1
肉筋加,1
也然,1
软烂,1
进味,1
残念,1
半下,1
总订,1
捉急,1
露出,1
来来,1
心好,1
那人,1
吊到,1
传达,1
注解,1
高分,1
土豆皮,1
刮,1
挣完,1
边长,1
多来,1
拴,1
死扣,1
油渍,1
姐,1
半卷,1
单快,1
我司,1
153,1
丢餐,1
漏电,1
花样,1
x,1
sh1t,1
多远,1
保质期,1
巴巴,1
很肥,1
日期,1
太热,1
胀,1
订哟,1
假话,1
咒,1
正经,1
地说,1
太渣,1
还赖,1
皮算,1
电车,1
餐员太牛,1
吃得了,1
少得,1
送准,1
髒,1
绝望,1
比个,1
脆骨,1
很松,1
颠坏,1
懒散,1
至多是,1
服务生,1
咽,1
重油,1
糖精,1
加水,1
店现,1
用现,1
商场,1
水吧,1
调,1
涨点,1
大桶,1
忘点,1
友情,1
来得,1
绿茶,1
露露,1
咸苦,1
捡,1
六层,1
完蛋,1
晚时,1
二十分,1
挑战,1
花蛤比,1
松懈,1
75%,1
省钱,1
蓝翔,1
东方学,1
懂不懂,1
受得了,1
失望透顶,1
牛奶,1
说了半天,1
炒花,1
蛤,1
呈现出,1
南,1
一开,1
坏油,1
员像,1
2B,1
不关我事,1
送不来,1
爱少,1
没长,1
11.30,1
1.00,1
18810547705,1
程序,1
那咯,1
1.10,1
毛豆,1
有少,1
摩西,1
多钟,1
40%,1
30%,1
20%,1
10%,1
花蛤里,1
成手,1
好坏,1
暂且不说,1
顺待会,1
酸梅,1
卖花,1
片太,1
根部,1
送小果,1
犹豫,1
炒鸡慢,1
最气,1
木签,1
干锅手,1
撕鸡,1
杯口,1
鱼早,1
咳嗽,1
单时,1
连连,1
煤油,1
味似,1
龟,1
延长,1
油炒,1
漏餐,1
面包片,1
角落,1
少送个,1
104,1
137,1
爆少,1
家店,1
冲突,1
四种,1
混杂,1
致歉,1
既然如此,1
前提,1
处理结果,1
回信,1
断断续续,1
腔骨,1
葱太多,1
现和面,1
皮真厚,1
下锅,1
薄片,1
交待,1
混装,1
反感,1
陪餐,1
过小年,1
总吃,1
吃素,1
小葱拌豆腐,1
日本,1
维生素,1
冒牌货,1
送进来,1
时病,1
上调,1
腰疼,1
刚贴,1
效果,1
特异,1
所料,1
退回,1
打过,1
一前一后,1
伺候,1
就免,1
宅急送,1
信儿,1
情有可原,1
做别,1
销售,1
光吃菜,1
人好,1
太笨,1
导航,1
小丸子,1
蛋汤,1
投差评,1
全怪,1
出生,1
合着,1
妈用,1
餐箱,1
敢收,1
压瘪,1
完比,1
有口,1
黏成,1
十二块,1
店定,1
偿命,1
发干,1
新手,1
恼怒,1
员慢,1
仅限,1
完到,1
毛毛虫,1
马勒,1
戈壁,1
姥姥,1
糊太多,1
下边,1
股坏,1
六七块,1
六个,1
没半毛,1
黄豆,1
回购,1
离贵店,1
谨慎,1
鲜嫩,1
良好,1
尖油放,1
说满,1
网络系统,1
举动,1
没熟量,1
面没送,1
欺诈,1
半折,1
领取,1
三十七,1
送全,1
按不响,1
店来,1
磅,1
刀,1
烘焙,1
工坊,1
很久前,1
凑巧,1
美买,1
点至,1
为此,1
笑话,1
人造奶油,1
168,1
小点心,1
挻,1
咋办,1
还乱,1
闻着,1
过生日,1
亲戚朋友,1
品尝,1
彩虹,1
洗,1
洗不掉,1
象征性,1
拜,1
赐,1
所定,1
最长,1
庆生,1
不全是,1
至,1
198,1
全软,1
散架,1
冷藏,1
蛋糕店,1
堵,1
敷衍了事,1
单买,1
自带,1
汉拿山家,1
不特,1
破口大骂,1
稍长,1
水不剌激,1
没多大,1
换换,1
酸根,1
喝醋,1
我传,1
没盖紧,1
尝出,1
忘放,1
慢饭,1
巨烂,1
结合,1
订菜,1
12345,1
当家的,1
老到,1
粗纤维,1
够量,1
萝卜丝,1
麻麻,1
礼拜六,1
临界点,1
变凉,1
摇不动,1
片肉,1
差一点,1
还敢,1
打折扣,1
直说,1
当人,1
假钱,1
不耐,1
六块钱,1
两三片,1
Md,1
爽,1
石锅里,1
太饿,1
这肉,1
咸是,1
操作失误,1
丝太多,1
玲珑,1
汤太少,1
点饭,1
天热放坏,1
能换家,1
特稀,1
淡水,1
稳定,1
双双,1
无数遍,1
踏进,1
恶,1
八喜,1
盒大,1
丸,1
吃亏,1
没等我,1
房门,1
题,1
千年,1
不换,1
几样,1
东菜,1
来时,1
干面,1
两位,1
打点滴,1
诊断,1
急性,1
肚,1
连拉带,1
卫生部门,1
一饭,1
一汤,1
饭好,1
丝儿,1
包裝,1
在手,1
裡拿著,1
這家外,1
賣,1
自行,1
準備,1
炒年糕,1
還行,1
员取,1
满大街,1
版块,1
一水,1
声誉,1
餐全,1
饭洒,1
比美,1
团慢,1
提炼,1
中式,1
少来,1
川菜,1
油得,1
喝杯,1
普洱茶,1
刮油,1
餐都凉,1
说少,1
不减,1
没好气,1
目的,1
不但,1
整碗,1
带饭,1
趁热,1
凌晨,1
用脚,1
踹,1
油汤,1
问道,1
小弟,1
慢来,1
价加,1
未必,1
加速,1
可耻,1
一部,1
霍,1
狂奔,1
郊区,1
市中心,1
慢近,1
45min,1
罐,1
热气,1
内心,1
没钱,1
评给,1
冷餐,1
留电话,1
连肉,1
星子,1
小学生,1
打完,1
装作,1
认出,1
同一,1
大寒,1
劝告,1
连热,1
一赞,1
扮进,1
包都,1
纯凉,1
捉弄,1
大锅,1
挑毛病,1
认真对待,1
客户服务,1
各色,1
来数,1
一听装,1
负星,1
委屈,1
家凉,1
凉冰冰,1
四十左右,1
微热,1
超硬,1
难嚼,1
四五,1
极烂,1
不务正业,1
大风,1
躲,1
避风,1
小包装,1
小虾,1
123,1
零三,1
带够,1
煎熬,1
湿乎乎,1
三回,1
二十几,1
人品,1
跌破,1
最低点,1
特忙,1
受不鸟,1
我快,1
幻觉,1
咽不下,1
顶上,1
食差,1
面类,1
摆渡,1
一群,1
人办,1
活儿,1
熟路,1
现代,1
城,1
建外,1
正时,1
别用,1
抽调,1
利益,1
看吧,1
吃算,1
级别,1
反聩,1
新人,1
装饭,1
没装勺,1
没装,1
我才定,1
回事儿,1
已退,1
一帮人,1
晕头转向,1
一干二净,1
﹉,1
听不懂,1
比要,1
越想,1
未回,1
伤,1
第一份,1
不忙,1
出错,1
狠,1
好多好多,1
可言,1
忘带,1
挺无语,1
粗糙,1
多单,1
暂停,1
人生观,1
真不容易,1
去过,1
皇,1
浓稠,1
主料,1
人造,1
青口,1
为准,1
警告,1
冬阴功,1
汤大份,1
说大份,1
四只,1
两只,1
很嫩,1
没滋,1
淡味,1
水汽,1
早知,1
浸泡,1
订成,1
货到付款,1
刚订,1
两秒,1
姿势,1
天到,1
找零,1
149,1
写别,1
包让,1
开水,1
严惩,1
商贩,1
事先,1
不单,1
相较,1
凉饭,1
错觉,1
宫保,1
鳗鱼,1
排,1
西餐,1
五花,1
㳂,1
還,1
著實,1
飯涼涼,1
三里屯,1
没改,1
全程,1
跑来跑去,1
来晚,1
心点,1
害怕,1
热热,1
一百,1
潇湘,1
阁,1
讨好,1
烂成,1
树根,1
牛气,1
烤牛肉,1
粘稠,1
App,1
5555,1
冰锅,1
真实,1
精,1
那破,1
小黄瓜,1
鸡蛋羹,1
雪碧,1
要堂,1
蛮快,1
在意,1
往里面,1
全麦,1
列表,1
说换,1
加蛋酱,1
相同,1
没道理,1
崩,1
泥水,1
箱,1
那买,1
人生,1
蛋黄酱,1
火鸡,1
胸,1
三文治,1
每点,1
冰糖,1
连米,1
難,1
不會,1
找出,1
五只,1
餐员大,1
索然无味,1
千方,1
米特,1
先喝,1
体现,1
绿豆粥,1
缺糖,1
良少,1
比去,1
瘦子,1
蜻蜓,1
带扣,1
摇滚,1
五六次,1
哗哗,1
能发,1
司机,1
141,1
．,1
开错,1
........,1
冬笋,1
泡开,1
会用,1
原料,1
意外,1
严肃,1
九转,1
大肠,1
总有,1
咱家,1
能少,1
搁面,1
西米露,1
西瓜籽,1
露是,1
瓜片,1
魔芋,1
结没,1
过麻,1
个量,1
多用,1
装弄,1
结实,1
易拉罐,1
退费,1
请补,1
多嘴多舌,1
接递,1
中餐,1
餐员告,1
66,1
61,1
从始至终,1
一女,1
象是,1
亮,1
瞎眼,1
不分,1
温凉,1
不盏,1
卖面,1
附汤,1
2.47,1
紧张,1
失踪,1
山西,1
刀削面,1
肠多,1
点料,1
少哇,1
满当当,1
个肠,1
茶花,1
老少,1
纵菌,1
里脊肉,1
云腿,1
东西连,1
昧着良心,1
敲得,1
脊梁,1
咚咚,1
响,1
粉都断,1
员不带,1
另点,1
另装,1
抢钱,1
好赚,1
玫瑰,1
翻遍,1
加汤里,1
还加,1
没图,1
不标,1
重量,1
竹筒,1
一并,1
强烈抗议,1
nmd,1
送個,1
東西,1
歸龜,1
點的餐,1
還來,1
特別,1
多排,1
人手,1
一个劲,1
分层,1
排送,1
炸鸡块,1
得饶人处且饶人,1
还糊,1
温温的,1
最坑,1
照收,1
三片,1
热量,1
突破,1
天际,1
迷路,1
致癌,1
真逗,1
短期,1
碰,1
串串,1
有油,1
那层,1
浇汁,1
茄汁,1
全撒到,1
到处跑,1
堪忧,1
三岁,1
右安门,1
牛街,1
硬气,1
太少酱,1
汤多料,1
咸蛋,1
够气,1
老妈,1
变味儿,1
虾排,1
虾片,1
怀念,1
童年,1
看量,1
走油,1
紫菜,1
配点,1
五岁,1
剩拌,1
没过,1
咸口,1
比正,1
底部,1
死光光,1
硬菜,1
定不出,1
饭个,1
成泥,1
乌冬,1
细面条,1
超难,1
腐烂,1
能卖,1
巨腥,1
过得去,1
酱里,1
一一,1
五十米,1
连料,1
黄色,1
里装,1
大鸭梨,1
包好,1
不认,1
餐员换,1
没事找事,1
没送够,1
忠告,1
唔,1
太严,1
小事,1
冻全,1
计时,1
不诚实,1
原定,1
不肯,1
本事,1
别弄,1
这项,1
油块,1
降近,1
七八根,1
糊掉,1
说装,1
削皮,1
窝头,1
黄鱼,1
用油,1
浆,1
尾部,1
★,1
﹏,1
哟,1
盛,1
矿泉水,1
狗狗,1
鱼杂,1
火爆,1
绿豆,1
就肠,1
鸡爪,1
餐出,1
妈呀,1
免辣,1
炒得,1
一品锅,1
洒透,1
挤压,1
剧烈运动,1
同情,1
全价,1
初期,1
形象,1
星星,1
肉丝面,1
鱼少,1
一桶,1
五小块,1
买袋,1
牛肉干,1
快下班,1
碰上,1
再肥,1
小腻,1
中好,1
直犯,1
莲子,1
没面,1
呼哧,1
带喘,1
口口声声,1
嘿,1
彩豆,1
单方面,1
情愿,1
晚一,1
外婆,1
太发,1
指,1
次之,1
关单,1
阿姨,1
怀挺,1
订完,1
课,1
按规定,1
号称,1
十来,1
鉴于,1
维持,1
nb,1
10m,1
Shabby,1
帮着,1
广告,1
锁骨,1
好贵,1
迷迷糊糊,1
丫,1
脖太硬,1
鴨,1
確定給,1
對,1
主题,1
偏颇,1
很浓,1
总体而言,1
单里,1
说分,1
听过,1
无辣,1
不欢,1
咸鸭蛋,1
这要,1
钟水饺,1
燃面,1
粤菜,1
牛马,1
不相及,1
凤爪,1
踩点,1
佐料,1
买饭,1
家钱,1
远不如,1
夜,1
刚付,1
拖,1
资格,1
死心,1
儿太坑,1
太给力,1
想不到,1
已成,1
胡椒粉,1
不善,1
掏空,1
快乐,1
找肉,1
价了,1
残样,1
送过,1
特制,1
里配,1
节省,1
炎炎,1
小到,1
夾馍,1
完嘴,1
发麻,1
晚不说,1
扯面,1
后续,1
商量,1
漏光,1
压大,1
酱紫,1
餐一,1
当猴,1
西二旗,1
长短,1
堆积,1
吵架,1
汤见,1
没放服,1
补好,1
面到,1
18.85,1
沱,1
不放醋,1
电,1
84,1
叫面,1
没炸,1
时间段,1
赠加,1
多宝,1
皮子,1
加盟店,1
城里,1
回龙观,1
学学,1
95%,1
杭椒,1
蛋黄,1
哥们,1
订好,1
越少,1
就量,1
公平,1
协调,1
内取,1
先別,1
肉加,1
尽量,1
水盆,1
开眼,1
何时,1
要放,1
cao,1
唯有,1
拌料,1
常客,1
黑毛,1
鼻毛,1
还敢定,1
泡软,1
扔给,1
联系电话,1
放醋,1
油全,1
咽得,1
总加,1
棍棍面,1
两小片,1
还会用,1
包全,1
拿度,1
预算,1
北店,1
说刚,1
两地,1
地标,1
顺,1
应承,1
很想,1
菜要,1
還沒,1
比老车,1
记,1
龙旗,1
广场,1
西瓜汁,1
拿给,1
增,1
黄飞鸿,1
周黑,1
每人,1
系列,1
躲过,1
今儿,1
烤麸,1
还订,1
拼饭,1
小料,1
少份,1
秩然,1
鸭架,1
盒肉,1
我信,1
真不信,1
不腻,1
顿,1
鸡量,1
多于,1
真烂,1
名副其实,1
多亏,1
买份,1
零食,1
华清,1
科技园,1
这太,1
菜豆,1
皮坏,1
车箱,1
小雨,1
过瘾,1
再选,1
好称,1
咱是,1
流量,1
10.40,1
11.50,1
至此,1
搭理,1
轻蔑,1
完事,1
一指,1
转身,1
不先,1
利于,1
作,1
甚,1
可选,1
玉,1
反,1
新店,1
下肚,1
吃掉,1
量油,1
温度差,1
佳,1
丧失,1
点多开,1
放着,1
第三个,1
看漏,1
打马虎眼,1
口径,1
个表,1
别怪,1
逼迫,1
狗屎,1
早些,1
挺慢,1
疯狂,1
奔跑,1
威胁,1
恐吓,1
十一点七,1
另部座,1
机能,1
没田,1
迟早,1
玩死,1
气得,1
姗姗来迟,1
牛油,1
结成,1
雇佣,1
顺便,1
自作孽,1
不可,1
活,1
手欠,1
忽略不计,1
痛苦,1
饭冷,1
两三,1
打人,1
艰辛,1
还害,1
大米饭,1
软硬,1
适度,1
值花,1
F,1
U,1
务,1
C,1
K,1
169,1
个赞,1
忽略,1
连声,1
误导,1
毫无疑问,1
骑个,1
做错事,1
兔腿,1
有块,1
大石头,1
猪血,1
陷在,1
不进,1
假期,1
年轻,1
胖子,1
嫌饭,1
晾,1
越来,1
点半送,1
醋放得,1
掉牙,1
接线,1
评分,1
针对,1
海泰,1
伎俩,1
送太迟,1
一通,1
活久见,1
提速,1
天吃,1
来个,1
肠无语,1
下方,1
半罐,1
大洋,1
瞎扯,1
干有,1
小果,1
必要条件,1
例外,1
好凶,1
有饭,1
发现自己,1
太蠢,1
Orz,1
适,1
骑车,1
嫌弃,1
分有,1
未接,1
先去,1
放肉沫,1
那肉沫,1
不该,1
前俩,1
天会,1
第三天,1
辣口,1
头骨,1
老坛,1
筋道,1
烤肠要,1
睡,1
觉才,1
豆丝,1
太多水,1
呕吐物,1
这得,1
家饭,1
服务行业,1
全让,1
多遍,1
联通,1
秘书台,1
一整块,1
零六,1
单太多,1
磕个头,1
排除万难,1
挺高,1
应为,1
两点钟,1
面太辣,1
失恋,1
机,1
没订,1
智能,1
机器,1
果真,1
根肠,1
脸变,1
餐筷,1
旺,1
德福,1
痛心疾首,1
不及,1
进店,1
意淫,1
前途,1
难倒,1
黑社会,1
老大,1
太牛,1
没开,1
透过,1
时间差,1
店商,1
成个,1
快捷,1
收银员,1
小妹,1
使,1
脸色,1
129,1
蛋花汤,1
拿进,1
娘俩,1
饮,1
新品种,1
试吃,1
差成,1
十七,1
时配,1
打乱,1
我连饭,1
压坏,1
整颗,1
味送,1
面泡,1
点要,1
砖头,1
等你拿,1
明码标价,1
线呢,1
生着,1
非说,1
有根,1
这小,1
恼火,1
太令,1
三天,1
挺值,1
很坑,1
开机,1
通畅,1
交过,1
地步,1
群殴,1
不欠,1
我餐,1
屁股,1
椅子,1
撕错,1
文明用语,1
i,1
really,1
ri,1
le,1
uzi,1
饭时,1
菜汁,1
这晚,1
土豆块,1
小片,1
没切,1
找回,1
员能,1
配给,1
泡椒,1
一挑,1
姜丝,1
郁闷死,1
恭维,1
爷,1
打翻,1
手机号码,1
13051325039,1
没多久,1
105,1
下才,1
摆在,1
公道,1
好脾气,1
磨,1
控制,1
腻虫,1
伤得,1
炒河,1
粉加,1
直线,1
点时,1
差字,1
狂晕,1
员工素质,1
虚心接受,1
半夜三更,1
侮辱性,1
语言,1
发送,1
黄色图片,1
迟早会,1
我无语,1
只接,1
敷衍搪塞,1
说辞,1
段路,1
辣条,1
我北科,1
问离,1
哪次,1
不放好,1
小秘书,1
别谈,1
干不起,1
学生,1
路口,1
如初,1
抽筋,1
压出来,1
250ml,1
多彩,1
软装,1
耐性,1
没汤,1
有事,1
127,1
易,1
守功,1
融了,1
软包,1
自,1
轻易,1
承受,1
默默地,1
红火,1
饭放,1
管到,1
难搞,1
新品,1
精到,1
丁吃,1
摧,1
借,1
女鬼,1
凄厉,1
真挺特,1
大伙,1
坑伤,1
餐员连路,1
太不上,1
快要,1
面成,1
脱,1
爬楼梯,1
几步,1
北科大,1
半年,1
分下,1
总说,1
北科,1
交涉,1
有名,1
首次,1
如实,1
油多,1
面油,1
二十点,1
名正言顺,1
全部打,1
tn,1
临,1
等级,1
撂,1
高点,1
98,1
不小,1
足够,1
一个样,1
再差,1
科大,1
分别,1
形同虚设,1
操蛋,1
或许,1
陈,1
碎料,1
许多,1
让给,1
别搞,1
人手不足,1
细丝,1
妄,1
面泡糊,1
死差,1
改革,1
手紧,1
快些,1
人车,1
换车,1
加班,1
节约,1
河粉量,1
配汤略,1
汤倒,1
11.34,1
胡说八道,1
较大,1
这顿,1
太扯,1
赶快,1
菜进,1
坚硬,1
勺碎,1
物证,1
保留,1
压根儿,1
快到,1
点钟,1
下限,1
负数,1
早送,1
ps,1
预估,1
未免,1
分是,1
季节,1
时间误差,1
丁只,1
睡着,1
梦,1
一两分钟,1
缺隔,1
顺路,1
识别,1
乌鸡汤,1
这马,1
恶死,1
暂不说,1
不容,1
灌汤,1
味蕾,1
饭价,1
随,1
这算,1
肠漏,1
咸不辣,1
点小渝府,1
迅捷,1
鉴定,1
无故,1
因此,1
特硬,1
硬结,1
还错,1
北京科技大学,1
送点,1
岂止,1
动不动,1
TM2,1
笋子,1
弄不好,1
伙计,1
较长,1
别买,1
纯属,1
s,1
毛钱,1
三趟,1
快变,1
回减,1
别减,1
肚里,1
油流,1
没辙,1
生生,1
那换,1
我怕,1
饿昏,1
猪骨,1
大幅,1
促销,1
驴头,1
马嘴,1
催着,1
再者,1
进不去,1
PS,1
八份,1
136,1
脚崴,1
车,1
进不来,1
黄花菜,1
较晚,1
十四分,1
者,1
长久,1
1000,1
多米,1
奸商,1
监管,1
极为,1
加工,1
说远,1
原先,1
老客,1
十分之一,1
偏长,1
卤香,1
进货,1
挑家,1
三四遍,1
无言以对,1
吸收,1
难以忍受,1
送递,1
人太,1
霸道,1
吼起来,1
扁,1
比差评,1
迂腐,1
这名,1
儿起,1
贴切,1
失联,1
存在,1
蹄子,1
刚才,1
人收,1
蒜台,1
二三十,1
出点,1
相,1
而言,1
发晕,1
巨坑,1
瓶上,1
弄脏了,1
招都,1
塑化剂,1
好处,1
文字,1
下得,1
修改,1
下过,1
这件,1
接下来,1
向,1
查收,1
汤太难,1
餐食,1
略过,1
路径,1
好受,1
冲天,1
水军,1
气味,1
知春里,1
猪脚,1
短期内,1
紫色,1
道个,1
歉,1
豆泡,1
哈哈哈,1
汽油味,1
送早,1
成坨,1
白醋,1
小气,1
呜,1
操守,1
此生,1
黄了,1
粉硬,1
粉送,1
來,1
已經,1
「,1
斷,1
」,1
一樣,1
正规,1
装着,1
在外,1
看放,1
对付,1
螺蛳,1
鸭脚,1
粉里,1
眉毛,1
长些,1
正如,1
酸笋,1
桂林,1
快坏,1
擅自,1
碗装,1
真忍,1
太臭,1
位,1
拜拜,1
一万年,1
开工,1
我端,1
流程,1
十单,1
鸭掌,1
铁定,1
砣,1
四十下,1
满头大汗,1
心疼,1
家里人,1
单说,1
螺号,1
形状,1
多装,1
纯,1
忍心,1
羊血,1
大不一样,1
连双,1
羊肉汤,1
几元,1
羊血要,1
羊汤,1
